age,sex,bmi,children,smoker,region,target
60,male,40.92,0,yes,southeast,43300.766
34,male,22.42,2,no,northeast,5843.257
23,male,37.1,3,no,southwest,3313.8171
34,male,42.13,2,no,southeast,6138.2295
49,female,41.47,4,no,southeast,11218.1455
41,female,32.6,3,no,southwest,8247.209
40,male,41.23,1,no,northeast,7866.5537
39,female,32.8,0,no,southwest,6578.685
52,female,24.86,0,no,southeast,9742.535
51,female,34.2,1,no,southwest,10182.599
61,male,23.655,0,no,northeast,12237.402
27,female,30.4,3,no,northwest,4778.3623
22,female,28.05,0,no,southeast,1986.1511
36,male,35.2,1,yes,southeast,37115.344
25,female,24.3,3,no,southwest,3670.448
25,female,22.515,1,no,northwest,3137.75
41,male,32.2,2,no,southwest,7452.6484
46,female,19.95,2,no,northwest,8936.236
58,female,31.825,2,no,northeast,12967.769
19,female,31.825,1,no,northwest,1968.0114
41,female,33.06,2,no,northwest,8196.909
40,female,29.3,4,no,southwest,8222.422
60,male,28.9,0,no,southwest,11541.474
52,female,18.335,0,no,northwest,9677.279
18,male,41.14,0,no,southeast,1115.8312
23,male,41.91,0,no,southeast,2465.8306
25,male,35.625,0,no,northwest,2937.5825
58,female,27.17,0,no,northwest,11645.335
58,male,34.865,0,no,northeast,11940.93
23,male,24.51,0,no,northeast,2272.4902
47,female,45.32,1,no,southeast,9710.208
34,female,33.25,1,no,northeast,6329.452
47,female,26.6,2,no,northeast,9842.418
54,male,24.035,0,no,northeast,10411.55
24,male,40.15,0,yes,southeast,33790.81
30,female,27.7,0,no,southwest,3985.2825
57,male,28.1,0,no,southwest,10716.604
57,female,23.18,0,no,northwest,11206.564
22,female,27.1,0,no,southwest,1853.0895
22,male,32.11,0,no,northwest,1993.261
35,female,34.21,1,no,southeast,6062.713
54,female,30.8,3,no,southwest,11589.934
43,male,38.06,2,yes,southeast,39467.37
41,male,33.55,0,no,southeast,6836.0596
44,male,39.52,0,no,northwest,8110.2124
28,female,25.8,0,no,southwest,3375.2407
56,male,36.1,3,no,southwest,11956.227
55,male,32.775,0,no,northwest,10708.926
54,female,28.88,2,no,northeast,11785.301
52,male,27.36,0,yes,northwest,40820.2
35,female,27.7,3,no,southwest,6452.2803
35,male,34.32,3,no,southeast,6441.4653
35,male,30.5,1,no,southwest,5414.883
38,female,40.565,1,no,northwest,7353.8057
29,male,22.515,3,no,northeast,4914.9395
30,male,25.46,0,no,northeast,4156.8584
52,female,24.13,1,yes,northwest,41455.05
55,male,27.645,0,no,northwest,10483.223
37,male,34.2,1,yes,northeast,37906.773
18,female,31.92,0,no,northeast,1675.7205
25,male,23.9,5,no,southwest,4026.7627
18,male,35.2,1,no,southeast,1238.1165
33,male,35.75,2,no,southeast,5594.3066
21,female,34.87,0,no,southeast,2022.9834
49,female,21.3,1,no,southwest,9088.594
41,male,40.26,0,no,southeast,7131.276
20,male,33.0,1,no,southwest,1576.5078
30,male,24.4,3,yes,southwest,35736.82
43,female,30.685,2,no,northwest,8618.867
64,male,40.48,0,no,southeast,13195.117
30,female,27.93,0,no,northeast,4658.867
26,male,27.06,0,yes,southeast,33741.344
30,female,28.405,1,no,northwest,4713.0117
60,female,24.53,0,no,southeast,11833.8125
51,female,37.73,1,no,southeast,10429.172
28,female,26.51,2,no,southeast,4264.9937
43,male,35.97,3,yes,southeast,39759.043
19,male,30.4,0,no,southwest,815.26746
40,female,41.42,1,no,northwest,7917.871
59,male,25.46,0,no,northwest,11439.988
52,female,30.875,0,no,northeast,10579.375
18,female,26.315,0,no,northeast,1429.1199
32,female,17.765,2,yes,northwest,36294.152
49,male,36.85,0,no,southeast,9087.043
62,male,26.695,0,yes,northeast,43773.562
18,male,21.565,0,yes,northeast,31965.986
63,male,41.47,0,no,southeast,12975.449
41,male,34.2,2,no,northwest,7853.728
61,male,36.1,3,no,southwest,13272.351
23,female,28.12,0,no,northwest,2474.2764
33,female,28.27,1,no,southeast,5274.925
24,male,35.86,0,no,southeast,2462.8755
22,male,33.77,0,no,southeast,1844.4744
19,female,28.6,5,no,southwest,3047.5366
20,female,30.59,0,no,northeast,2143.6536
36,male,33.4,2,yes,southwest,37328.51
26,female,22.23,0,no,northwest,3004.8096
45,female,25.175,2,no,northeast,9253.273
64,female,26.885,0,yes,northwest,44351.332
52,female,38.38,2,no,northeast,11676.819
22,male,39.5,0,no,southwest,2005.3096
40,male,32.775,1,yes,northeast,38633.754
39,female,32.5,1,no,southwest,6949.1113
40,male,24.97,2,no,southeast,6962.5947
40,male,35.3,3,no,southwest,7709.4395
51,female,33.915,0,no,northeast,10449.9
45,female,38.285,0,no,northeast,9062.818
26,female,29.92,1,no,southeast,3504.9478
51,female,18.05,0,no,northwest,9401.516
62,male,32.11,0,no,northeast,12872.617
18,male,26.125,0,no,northeast,1027.4226
48,male,40.15,0,no,southeast,8969.008
