paths,target,resolution,sharpness,brightness,size,noise,Number of Anomalies,Anomaly,contrast,energy,homogeneity,correlation,dissimilarity
./pages/models/Bone Fracture/Production/2025-01-15/fracture/10-rotated2-rotated1-rotated1.jpg,fracture,"(224, 224)",73.8688703264509,82.44882015306122,150528,42.20579454287902,0,False,61.75436373873874,0.18345729905702318,0.5703872487734063,0.9824280844834024,3.0546774453024454
./pages/models/Bone Fracture/Production/2025-01-15/fracture/10-rotated3-rotated1.jpg,fracture,"(224, 224)",297.2933960814915,83.0439453125,150528,41.81798207055957,0,False,90.36615186615187,0.17981908587649437,0.569342844190167,0.9737821676427316,3.362290862290862
./pages/models/Bone Fracture/Production/2025-01-15/fracture/100-rotated1-rotated3.jpg,fracture,"(224, 224)",331.1889442716326,63.67958785076531,150528,56.976731478420746,2448,False,302.21410472972974,0.13546902563176805,0.49879630877860476,0.9534389430036004,5.73405324967825
./pages/models/Bone Fracture/Production/2025-01-15/fracture/100-rotated2-rotated1.jpg,fracture,"(224, 224)",432.68007565497953,68.6065449617347,150528,55.83984506967961,2763,True,234.30944337194333,0.10594813395598754,0.5147112633658074,0.9623840550134852,4.386462355212354
./pages/models/Bone Fracture/Production/2025-01-15/fracture/100-rotated2.jpg,fracture,"(224, 224)",567.4941817287206,71.2689134247449,150528,57.08165014246771,735,False,243.96947393822398,0.11610050986555512,0.5528177226680193,0.9625163898877276,4.08180501930502
./pages/models/Bone Fracture/Production/2025-01-15/fracture/100-rotated3-rotated1-rotated2.jpg,fracture,"(224, 224)",215.4356692372536,62.12567761479592,150528,56.903479055944395,2226,False,295.98660714285717,0.1447963243847992,0.4823172547839776,0.9542602037895068,6.187097812097811
./pages/models/Bone Fracture/Production/2025-01-15/fracture/100-rotated3-rotated1.jpg,fracture,"(224, 224)",317.51226377030406,64.13079958545919,150528,56.30412832215483,2451,False,285.1891690797941,0.11760099599157851,0.48965413493401044,0.9549918505157012,5.5998029279279296
./pages/models/Bone Fracture/Production/2025-01-15/fracture/100-rotated3-rotated2-rotated1.jpg,fracture,"(224, 224)",207.75681355733366,61.645727040816325,150528,57.009379970084325,2136,False,300.43406129343623,0.1466051180646628,0.47571700660185867,0.9537693356794391,6.18144707207207
./pages/models/Bone Fracture/Production/2025-01-15/fracture/101-rotated2-rotated1.jpg,fracture,"(224, 224)",236.29157207827433,77.96637834821429,150528,57.25406489701158,0,False,187.0913972007722,0.08742392714843546,0.4674000014175743,0.9713171031223722,4.835082850707851
./pages/models/Bone Fracture/Production/2025-01-15/fracture/101-rotated2-rotated2-rotated3.jpg,fracture,"(224, 224)",171.10095569740875,79.53467793367346,150528,56.16274015132909,0,False,176.16133767696266,0.07051203045911564,0.4672942450736332,0.9718819970116385,4.659889800514801
./pages/models/Bone Fracture/Production/2025-01-15/fracture/101-rotated2-rotated2.jpg,fracture,"(224, 224)",187.41248496618442,77.68506855867346,150528,57.50965138010083,0,False,141.1682553088803,0.09818487379043163,0.4843838878855695,0.9785912890484523,4.388935810810811
./pages/models/Bone Fracture/Production/2025-01-15/fracture/101-rotated3-rotated1.jpg,fracture,"(224, 224)",205.97315396074947,74.99198820153062,150528,59.19662363602736,0,False,167.11269305019303,0.12987485122292758,0.47019604752704386,0.9760649641875354,5.128780566280566
./pages/models/Bone Fracture/Production/2025-01-15/fracture/101-rotated3-rotated2-rotated2.jpg,fracture,"(224, 224)",166.04647292042213,76.18763950892857,150528,58.71538283042714,0,False,175.0195865508365,0.10839146868375323,0.45254009744049,0.9744964463131472,5.377574002574002
./pages/models/Bone Fracture/Production/2025-01-15/fracture/101-rotated3-rotated3-rotated2.jpg,fracture,"(224, 224)",145.46649000834347,76.85620615433673,150528,58.249762129076366,0,False,171.85026544401543,0.09625354144237086,0.4489945014038357,0.9745477777584327,5.2837435649935625
./pages/models/Bone Fracture/Production/2025-01-15/fracture/102-rotated1-rotated1-rotated1.jpg,fracture,"(224, 224)",95.49800210910655,53.72901387117347,150528,42.28674701660439,168,False,111.67314189189186,0.14531403306856822,0.547520146827664,0.9687212769200821,4.507480694980694
./pages/models/Bone Fracture/Production/2025-01-15/fracture/102-rotated1-rotated1-rotated2.jpg,fracture,"(224, 224)",90.29791667609352,53.42388791454081,150528,42.39936439480078,168,False,78.79918758043758,0.15149331157321336,0.5761262742350104,0.9780496484417577,3.633445945945946
./pages/models/Bone Fracture/Production/2025-01-15/fracture/102-rotated1-rotated2-rotated1.jpg,fracture,"(224, 224)",119.35867937303296,54.44349888392857,150528,41.771165101815974,225,False,107.11034025096525,0.13273149002947798,0.5368760996511439,0.9692224650378135,4.402851512226512
./pages/models/Bone Fracture/Production/2025-01-15/fracture/102-rotated1-rotated3-rotated1.jpg,fracture,"(224, 224)",88.48271917035706,50.485132334183675,150528,42.738741512620784,183,False,72.54775981338481,0.19714795760331474,0.6563703395649046,0.980049391919837,2.850365990990991
./pages/models/Bone Fracture/Production/2025-01-15/fracture/102-rotated2-rotated1-rotated3.jpg,fracture,"(224, 224)",93.28733134875442,53.3957669005102,150528,42.35636810754661,183,False,76.56024774774777,0.15086321854832002,0.5700901536603578,0.9786295641009113,3.5946750321750334
./pages/models/Bone Fracture/Production/2025-01-15/fracture/103-rotated2-rotated3.jpg,fracture,"(224, 224)",121.30743338931653,57.4150390625,150528,55.70314066417966,3,False,108.31316361003863,0.20221318449544787,0.5676671429798975,0.9825484232837123,4.356197715572717
./pages/models/Bone Fracture/Production/2025-01-15/fracture/103-rotated3-rotated1-rotated3.jpg,fracture,"(224, 224)",103.45231477641305,58.61641023596939,150528,55.47762631045208,0,False,127.22140444015446,0.2097267910215579,0.5767263660634739,0.9793708717486723,4.285151222651223
./pages/models/Bone Fracture/Production/2025-01-15/fracture/103-rotated3-rotated3-rotated3.jpg,fracture,"(224, 224)",118.68768935221429,56.58589764030612,150528,56.449398525166266,0,False,142.6924469111969,0.2124244037766516,0.5669101844562812,0.9776611292129299,4.668436293436293
./pages/models/Bone Fracture/Production/2025-01-15/fracture/104-rotated1-rotated3-rotated3.jpg,fracture,"(224, 224)",61.17748995315825,49.345723054846935,150528,63.94981873040967,0,False,113.26459942084942,0.2727497887921185,0.6371529785725166,0.986209705267646,3.686695624195624
./pages/models/Bone Fracture/Production/2025-01-15/fracture/104-rotated1-rotated3.jpg,fracture,"(224, 224)",190.62579715415765,49.94154575892857,150528,63.06777651593721,0,False,76.35362371299871,0.31010214726545576,0.7190930329553507,0.9904208974969236,2.4211108429858434
./pages/models/Bone Fracture/Production/2025-01-15/fracture/104-rotated1.jpg,fracture,"(224, 224)",262.64990127449084,51.398995535714285,150528,63.06718946034678,3,False,149.2154520592021,0.31704831282566465,0.6721532965068332,0.981322668224196,3.509049227799228
./pages/models/Bone Fracture/Production/2025-01-15/fracture/104-rotated2-rotated2.jpg,fracture,"(224, 224)",154.6390428932346,50.087193080357146,150528,63.129901925357515,0,False,129.39110762548262,0.3028824474317936,0.6732383029858149,0.9838407180316837,3.3171854890604893
./pages/models/Bone Fracture/Production/2025-01-15/fracture/104-rotated3-rotated2-rotated2.jpg,fracture,"(224, 224)",63.989567397187905,49.433175223214285,150528,63.90248930737205,0,False,126.97425997425998,0.2628403936097701,0.6260109177746273,0.9845200784460169,4.120053088803088
./pages/models/Bone Fracture/Production/2025-01-15/fracture/104-rotated3-rotated2.jpg,fracture,"(224, 224)",327.36561942229616,51.22925302933673,150528,62.70771445219217,12,False,86.52248230373229,0.32075281780099163,0.71418456600851,0.98899976837737,2.4511743886743886
./pages/models/Bone Fracture/Production/2025-01-15/fracture/104-rotated3-rotated3.jpg,fracture,"(224, 224)",194.80485781248976,49.04974489795919,150528,63.55722495016633,3,False,116.83090009652511,0.2955382477488512,0.6871321669475589,0.9856023463886107,2.983369530244531
./pages/models/Bone Fracture/Production/2025-01-15/fracture/104.jpg,fracture,"(962, 1358)",154.74133368533435,53.040091978236305,3919188,62.90260847542187,5991,True,49.38116494643043,0.36140928734534405,0.7910130534553907,0.9937626896988764,1.1103151313328306
./pages/models/Bone Fracture/Production/2025-01-15/fracture/105-rotated1-rotated1-rotated1.jpg,fracture,"(224, 224)",68.53808690189871,63.42376833545919,150528,50.0399613933312,0,False,51.77153716216215,0.13588166478501698,0.5278941241607529,0.989628293052356,3.280988577863577
./pages/models/Bone Fracture/Production/2025-01-15/fracture/105-rotated1-rotated2.jpg,fracture,"(224, 224)",189.53736057623084,65.89359454719387,150528,49.892642416740834,0,False,116.94387467824966,0.12225686324282,0.5146743604128571,0.9764084071638985,3.8131636100386093
./pages/models/Bone Fracture/Production/2025-01-15/fracture/105-rotated1-rotated3.jpg,fracture,"(224, 224)",173.60027279510243,64.88590162627551,150528,50.36683785117113,0,False,86.5342060810811,0.13629806069937433,0.5432989453710239,0.9829073783565353,3.335082850707851
./pages/models/Bone Fracture/Production/2025-01-15/fracture/105-rotated2-rotated1-rotated2.jpg,fracture,"(224, 224)",122.17273033107134,65.72211814413265,150528,50.315982278496215,0,False,80.68631354568855,0.13172908271507236,0.5327171237153454,0.9840172370620647,3.251749517374517
./pages/models/Bone Fracture/Production/2025-01-15/fracture/105-rotated2-rotated2-rotated3.jpg,fracture,"(224, 224)",75.54167602837755,59.184251434948976,150528,50.0378080897875,0,False,58.152569980694985,0.1597601098473717,0.5333643257593432,0.9883508279910491,3.7362250643500645
./pages/models/Bone Fracture/Production/2025-01-15/fracture/105-rotated3-rotated3-rotated2.jpg,fracture,"(224, 224)",142.9239199382968,61.57469706632653,150528,50.397041255286574,0,False,101.5666023166023,0.13960926880457167,0.5186566044593651,0.9799550289734829,3.9009411196911183
./pages/models/Bone Fracture/Production/2025-01-15/fracture/106-rotated1-rotated1-rotated2.jpg,fracture,"(224, 224)",84.6632214029448,56.443777901785715,150528,43.52604152236089,63,False,53.81040862290862,0.1824410123057543,0.6375639856530992,0.9857506521553642,2.316562097812098
./pages/models/Bone Fracture/Production/2025-01-15/fracture/106-rotated1-rotated3-rotated2.jpg,fracture,"(224, 224)",59.31761337488406,52.08709343112245,150528,43.415890648242765,141,False,51.36426158301157,0.19183531085086486,0.5954034356518769,0.9863260811202397,3.2741312741312734
./pages/models/Bone Fracture/Production/2025-01-15/fracture/106-rotated1-rotated3-rotated3.jpg,fracture,"(224, 224)",108.1556988533017,51.00986527423469,150528,44.027875317126025,144,False,62.31931708494208,0.20197506250621283,0.6253857896488489,0.9838814161627407,2.7551278957528957
./pages/models/Bone Fracture/Production/2025-01-15/fracture/106-rotated2-rotated2-rotated1.jpg,fracture,"(224, 224)",89.13926696777345,58.01177853954081,150528,43.02357287396365,63,False,83.13959942084942,0.16723226031207183,0.6076946882984752,0.9774436199157561,2.764559202059202
./pages/models/Bone Fracture/Production/2025-01-15/fracture/106-rotated2-rotated2-rotated2.jpg,fracture,"(224, 224)",80.80228198781106,54.58834901147959,150528,43.915310486818846,99,False,53.48662725225224,0.18230568502698205,0.61829228125656,0.9860860259123423,2.6156491312741306
./pages/models/Bone Fracture/Production/2025-01-15/fracture/106-rotated2-rotated2-rotated3.jpg,fracture,"(224, 224)",56.19932473495274,49.77688536352041,150528,43.43699833427013,138,False,54.52187902187904,0.20284210584155032,0.6012647231780797,0.9854996598461289,3.406853281853282
./pages/models/Bone Fracture/Production/2025-01-15/fracture/106-rotated3-rotated1-rotated1.jpg,fracture,"(224, 224)",128.7413354795806,48.88329081632653,150528,42.695623029828496,210,False,76.29641248391248,0.19902145919359968,0.589640624852391,0.979009212978961,3.773809523809523
./pages/models/Bone Fracture/Production/2025-01-15/fracture/106-rotated3-rotated1-rotated2.jpg,fracture,"(224, 224)",58.887257713419544,48.61796476403061,150528,42.78312892934977,180,False,69.95278314028315,0.20643753306192275,0.5920577336168366,0.9808228799587364,3.91787323037323
./pages/models/Bone Fracture/Production/2025-01-15/fracture/106-rotated3-rotated3-rotated3.jpg,fracture,"(224, 224)",73.46893464977768,48.82370057397959,150528,43.54468552626442,153,False,60.91656611969112,0.2082242947959346,0.6137611859086377,0.9838948448245324,3.149352477477478
./pages/models/Bone Fracture/Production/2025-01-15/fracture/107-rotated1-rotated1-rotated2.jpg,fracture,"(224, 224)",119.7198472755842,67.08898676658163,150528,40.020187247417816,1884,False,118.39068532818533,0.13599698310283487,0.5274197240897841,0.9628020406164483,3.8723857786357785
./pages/models/Bone Fracture/Production/2025-01-15/fracture/107-rotated1-rotated2-rotated1.jpg,fracture,"(224, 224)",152.2627227601286,66.58605707908163,150528,40.598973316547195,1821,False,128.2070262226512,0.12195161323385033,0.5033270912626118,0.9606482677768535,3.9937057593307594
./pages/models/Bone Fracture/Production/2025-01-15/fracture/107-rotated1.jpg,fracture,"(224, 224)",345.7110201233082,67.8549505739796,150528,39.63309190634599,2295,False,192.72820141570142,0.13874746718682873,0.5088705194584136,0.9382779584074347,4.661196911196911
./pages/models/Bone Fracture/Production/2025-01-15/fracture/107-rotated3-rotated2-rotated1.jpg,fracture,"(224, 224)",144.0857163361339,61.57310267857143,150528,45.27744990713118,1134,False,157.8485159266409,0.16169086595082313,0.46817752435463206,0.9613085789756997,5.318914897039897
./pages/models/Bone Fracture/Production/2025-01-15/fracture/107-rotated3-rotated3-rotated1.jpg,fracture,"(224, 224)",135.88392018219275,62.35724250637755,150528,44.583100503751496,1215,False,132.04900659588162,0.15645061900161325,0.5153278879377886,0.9665937802151793,4.239201254826256
./pages/models/Bone Fracture/Production/2025-01-15/fracture/108-rotated1-rotated1-rotated2.jpg,fracture,"(224, 224)",117.80517728385307,66.13442681760205,150528,49.173150096693874,1866,False,127.20706644144147,0.1928898928469273,0.5713697503887936,0.9736622883932815,3.7844071750321753
./pages/models/Bone Fracture/Production/2025-01-15/fracture/108-rotated1-rotated3-rotated1.jpg,fracture,"(224, 224)",121.903206732709,63.381955516581634,150528,51.45843255542437,1311,False,137.14179134491633,0.19255765751353732,0.5425366424700581,0.974081884951409,4.3598174066924065
./pages/models/Bone Fracture/Production/2025-01-15/fracture/108-rotated2-rotated3-rotated1.jpg,fracture,"(224, 224)",119.91746190804733,64.70079320790816,150528,50.38331050742049,1542,False,129.6323399292149,0.1783349401602248,0.5663883382638515,0.9743622451658493,3.844896235521235
./pages/models/Bone Fracture/Production/2025-01-15/fracture/108-rotated3-rotated1-rotated2.jpg,fracture,"(224, 224)",112.76125436264093,65.26743861607143,150528,49.93464882628329,1542,False,129.36488497426,0.18777713349200487,0.5578961693695764,0.9740320731605011,3.9901665057915063
./pages/models/Bone Fracture/Production/2025-01-15/fracture/109-rotated1-rotated3-rotated1.jpg,fracture,"(224, 224)",138.0478514254664,41.597536670918366,150528,43.475488695788364,1206,False,141.54747828185327,0.25006455419519713,0.6086884430932477,0.9626871225741443,4.3044361325611336
./pages/models/Bone Fracture/Production/2025-01-15/fracture/109-rotated2-rotated1.jpg,fracture,"(224, 224)",263.3467876858534,46.78411989795919,150528,43.27023007381907,1626,False,282.23849742599737,0.2656659825381934,0.6494650713319585,0.9246673891326999,4.002815315315314
./pages/models/Bone Fracture/Production/2025-01-15/fracture/109-rotated3-rotated1-rotated1.jpg,fracture,"(224, 224)",193.17265893975085,43.976542570153065,150528,44.049210388811865,1338,False,221.5398568211068,0.24607661008856052,0.6534208437779172,0.9429465396747796,3.73170045045045
./pages/models/Bone Fracture/Production/2025-01-15/fracture/109-rotated3-rotated1-rotated2.jpg,fracture,"(224, 224)",272.5671172151959,44.029177295918366,150528,44.33632514595857,1443,False,271.18184925997423,0.24348803914669942,0.6458060614396228,0.9309468691604712,3.9823238416988422
./pages/models/Bone Fracture/Production/2025-01-15/fracture/109-rotated3-rotated1.jpg,fracture,"(224, 224)",188.70060335284026,43.11220503826531,150528,43.769620301127794,1344,False,208.45453265765764,0.24542521044497742,0.6155579661027074,0.9457779117397118,4.316823519948521
./pages/models/Bone Fracture/Production/2025-01-15/fracture/109-rotated3-rotated2-rotated3.jpg,fracture,"(224, 224)",124.38190987327604,42.00263073979592,150528,43.780717089490714,1203,False,140.78470881595885,0.25541938006153425,0.6320065790693254,0.963199237540014,3.63400900900901
./pages/models/Bone Fracture/Production/2025-01-15/fracture/109-rotated3-rotated2.jpg,fracture,"(224, 224)",240.6268783817188,43.73985570790816,150528,43.82647955789243,1356,False,212.81861325611328,0.2436422560444486,0.6325050618610764,0.9446381597243404,3.8040540540540544
./pages/models/Bone Fracture/Production/2025-01-15/fracture/109-rotated3.jpg,fracture,"(224, 224)",598.7533931005304,46.82583306760204,150528,43.760140259620385,1728,False,381.7997104247104,0.26245982083814884,0.6416388807174666,0.9005612963308055,4.649734555984556
./pages/models/Bone Fracture/Production/2025-01-15/fracture/11-rotated1-rotated1-rotated1.jpg,fracture,"(224, 224)",76.00968983907195,37.41133211096939,150528,46.74172156317232,2871,True,116.72667310167309,0.35718411270550265,0.6462938402985217,0.9734063332577829,3.694377413127413
./pages/models/Bone Fracture/Production/2025-01-15/fracture/11-rotated1-rotated2.jpg,fracture,"(224, 224)",138.64094634931914,38.40156648596939,150528,46.79251412487342,2949,True,139.08273005148,0.3648330729245348,0.6476748477252825,0.9683803625921472,3.9208494208494193
./pages/models/Bone Fracture/Production/2025-01-15/fracture/11-rotated2-rotated2-rotated2.jpg,fracture,"(224, 224)",85.48255092925899,35.043048469387756,150528,47.125314016224365,2991,True,87.77559925997426,0.3658307003086871,0.7143489454184139,0.9803009841314353,2.5763151544401537
./pages/models/Bone Fracture/Production/2025-01-15/fracture/11-rotated3.jpg,fracture,"(224, 224)",188.14575691612401,37.76128029336735,150528,47.028937416733896,2904,True,111.6114864864865,0.36386691827263107,0.6602892702643665,0.9747545886230556,3.53326093951094
./pages/models/Bone Fracture/Production/2025-01-15/fracture/110-rotated1-rotated1-rotated3.jpg,fracture,"(224, 224)",220.27082589207862,71.4067083864796,150528,53.010354480967266,3,False,129.63620093307594,0.15730004355000243,0.5457875271163878,0.9768976002667592,4.048966377091376
./pages/models/Bone Fracture/Production/2025-01-15/fracture/110-rotated1-rotated1.jpg,fracture,"(224, 224)",173.9711611158696,73.47446986607143,150528,50.99105370273116,0,False,81.83659105534105,0.16299687479572572,0.5810468846844693,0.9841969107962923,3.256274131274131
./pages/models/Bone Fracture/Production/2025-01-15/fracture/110-rotated1-rotated2-rotated2.jpg,fracture,"(224, 224)",179.8412948665595,71.66774952168367,150528,52.287538552738326,0,False,96.47076093951095,0.1538067331429062,0.5758940888900718,0.9823076659715823,3.361084298584299
./pages/models/Bone Fracture/Production/2025-01-15/fracture/110-rotated2-rotated1-rotated2.jpg,fracture,"(224, 224)",128.8355012037316,71.39411272321429,150528,52.806261220702844,0,False,103.34998391248392,0.1488501399241292,0.5535211905470805,0.981358966922546,3.6052525740025736
./pages/models/Bone Fracture/Production/2025-01-15/fracture/110-rotated2-rotated1-rotated3.jpg,fracture,"(224, 224)",134.49897153434134,71.41912468112245,150528,52.79842256829889,0,False,105.46285794723293,0.1450914471446042,0.5408144487031648,0.9809790174839728,3.75098536036036
./pages/models/Bone Fracture/Production/2025-01-15/fracture/110-rotated3-rotated1-rotated2.jpg,fracture,"(224, 224)",141.5912899059437,69.95780851403062,150528,53.64017643886476,0,False,105.81704472329471,0.14917881214969506,0.52900804841518,0.9815186166283943,4.013513513513514
./pages/models/Bone Fracture/Production/2025-01-15/fracture/111-rotated2-rotated1-rotated2.jpg,fracture,"(224, 224)",190.36058596539922,50.03172831632653,150528,55.38982608922007,723,False,246.7034266409266,0.24779785783898242,0.562232860823492,0.9597869514066195,5.043999356499355
./pages/models/Bone Fracture/Production/2025-01-15/fracture/111-rotated2-rotated3-rotated3.jpg,fracture,"(224, 224)",248.5052088710082,50.69969706632653,150528,55.091154430310795,648,False,279.53760456885453,0.2399299338214845,0.573173127413698,0.9540554872957503,4.832931145431145
./pages/models/Bone Fracture/Production/2025-01-15/fracture/111-rotated2-rotated3.jpg,fracture,"(224, 224)",234.87473990111883,48.96269132653061,150528,55.421830752357735,630,False,248.750361969112,0.25263238351954503,0.5560989533015724,0.9594753134722194,5.5164092664092665
./pages/models/Bone Fracture/Production/2025-01-15/fracture/111-rotated3-rotated1-rotated3.jpg,fracture,"(224, 224)",134.30326321342494,48.77969547193877,150528,54.791755353832215,291,False,134.4722289253539,0.25068344640973617,0.6186208734891881,0.9775985385324901,3.437962516087515
./pages/models/Bone Fracture/Production/2025-01-15/fracture/111-rotated3-rotated3-rotated1.jpg,fracture,"(224, 224)",142.07301808436281,49.0188137755102,150528,54.77313343566103,324,False,177.13712596525096,0.23962886799229804,0.5812884877848017,0.9705580255652194,4.203165218790219
./pages/models/Bone Fracture/Production/2025-01-15/fracture/111-rotated3-rotated3-rotated2.jpg,fracture,"(224, 224)",138.92935587355916,49.03154894770408,150528,54.7714739860445,327,False,181.31998069498067,0.24043335846290642,0.568573225843236,0.9698604080711788,4.478201415701416
./pages/models/Bone Fracture/Production/2025-01-15/fracture/112-rotated1-rotated1-rotated2.jpg,fracture,"(224, 224)",170.50224789059794,68.1636041135204,150528,52.36519873028901,669,False,243.87960505148004,0.13333856248027545,0.4180863585126092,0.9554000696773257,6.231760778635779
./pages/models/Bone Fracture/Production/2025-01-15/fracture/112-rotated1-rotated2.jpg,fracture,"(224, 224)",268.3053093635753,72.26046316964286,150528,50.66538115472271,783,False,247.9460464929215,0.096371554384033,0.4493089547695848,0.9515148111060078,5.239844755469755
./pages/models/Bone Fracture/Production/2025-01-15/fracture/112-rotated1-rotated3.jpg,fracture,"(224, 224)",256.3235755278537,67.6092753507653,150528,52.658343733591366,765,False,288.56722570785075,0.13708587846822745,0.4110029722719166,0.9478403062625029,6.870435167310167
./pages/models/Bone Fracture/Production/2025-01-15/fracture/112-rotated1.jpg,fracture,"(224, 224)",534.4819138021282,74.57364078443878,150528,49.43319353383144,1005,False,265.6442849099099,0.08338040533327595,0.4447969095022356,0.9453957169614828,5.136884652509653
./pages/models/Bone Fracture/Production/2025-01-15/fracture/112-rotated2-rotated2-rotated3.jpg,fracture,"(224, 224)",290.9975648202383,68.00591916454081,150528,52.700085505782695,768,False,281.0284547940798,0.13653953941522287,0.42253677632167486,0.949279870837794,6.351813867438869
./pages/models/Bone Fracture/Production/2025-01-15/fracture/112-rotated2-rotated3-rotated1.jpg,fracture,"(224, 224)",278.70102860976243,69.8223652742347,150528,52.01793946727209,801,False,269.2543838481339,0.11702821825465724,0.4177769427038393,0.9500908209223563,6.063585907335908
./pages/models/Bone Fracture/Production/2025-01-15/fracture/112-rotated2-rotated3-rotated2.jpg,fracture,"(224, 224)",345.69187669186033,70.85642538265306,150528,51.55369778155299,735,False,223.26876206563705,0.11007446815568388,0.4607699094845722,0.9578664007608574,4.684383043758044
./pages/models/Bone Fracture/Production/2025-01-15/fracture/112-rotated2-rotated3-rotated3.jpg,fracture,"(224, 224)",277.75929157299976,66.66115274234694,150528,52.96904308790395,777,False,311.09921975546973,0.14736486145446492,0.40934569935782444,0.9444140411100648,7.297055984555984
./pages/models/Bone Fracture/Production/2025-01-15/fracture/112-rotated2-rotated3.jpg,fracture,"(224, 224)",293.33457742418557,74.15423708545919,150528,49.30186381359404,822,False,227.44813787001289,0.08248036511849281,0.45074761791044704,0.9529930331435568,4.621038449163449
./pages/models/Bone Fracture/Production/2025-01-15/fracture/112.jpg,fracture,"(1962, 1220)",86.52008454486892,77.84396066242209,7180920,48.10053623524313,68217,True,57.05670213531648,0.09970486193244035,0.6168995662987186,0.9876682430194084,1.7585169116330137
./pages/models/Bone Fracture/Production/2025-01-15/fracture/113-rotated1-rotated2-rotated2.jpg,fracture,"(224, 224)",155.19027727397966,48.260184151785715,150528,48.6253037721141,1965,False,198.18211068211068,0.15071319249324855,0.6018383259895048,0.9581235389894022,3.762467824967825
./pages/models/Bone Fracture/Production/2025-01-15/fracture/113-rotated2-rotated1-rotated1.jpg,fracture,"(224, 224)",162.6511893171114,44.19507334183673,150528,49.028732981866064,2217,False,197.1679938867439,0.18186532198615923,0.5681816115519958,0.9590079287621829,5.110963642213641
./pages/models/Bone Fracture/Production/2025-01-15/fracture/113-rotated2-rotated2-rotated2.jpg,fracture,"(224, 224)",182.55449860774192,47.180544483418366,150528,48.80718279419105,2049,False,200.9512749356499,0.1483004369536044,0.5860228288383883,0.957894835296551,4.073499839124839
./pages/models/Bone Fracture/Production/2025-01-15/fracture/113-rotated2-rotated2-rotated3.jpg,fracture,"(224, 224)",155.15676584843547,44.608039700255105,150528,48.93167562102622,2190,False,186.08494208494207,0.17317365178024374,0.569339476024626,0.9611483963635518,4.840130308880308
./pages/models/Bone Fracture/Production/2025-01-15/fracture/113-rotated2-rotated2.jpg,fracture,"(224, 224)",251.9395246573261,47.14114317602041,150528,49.1802755809548,2130,False,207.3043355855856,0.15601998639586584,0.5874536909522576,0.9571770764944371,4.258767696267696
./pages/models/Bone Fracture/Production/2025-01-15/fracture/113-rotated3-rotated2-rotated1.jpg,fracture,"(224, 224)",160.89022063851507,46.517598054846935,150528,48.93156771589273,2037,False,176.44743404118407,0.1601199122873655,0.5791299488118825,0.9631780188801592,4.245817245817246
./pages/models/Bone Fracture/Production/2025-01-15/fracture/113-rotated3-rotated3-rotated3.jpg,fracture,"(224, 224)",159.63485716780446,44.05325255102041,150528,49.31600908605657,2073,False,253.87401463963965,0.1884128926413874,0.5706930580944893,0.9478448924205197,5.3331925675675675
./pages/models/Bone Fracture/Production/2025-01-15/fracture/113-rotated3-rotated3.jpg,fracture,"(224, 224)",284.823965812216,44.630002391581634,150528,49.44305605743946,2217,False,317.4794683075934,0.17897271719728383,0.5603581305182538,0.9352173568858784,6.014378217503219
./pages/models/Bone Fracture/Production/2025-01-15/fracture/114-rotated1-rotated3-rotated2.jpg,fracture,"(224, 224)",264.03537462314733,77.30972975127551,150528,54.79821545861952,42,False,182.67436856499359,0.09616966421619394,0.4113168396214543,0.9695268468798083,5.534648487773489
./pages/models/Bone Fracture/Production/2025-01-15/fracture/114-rotated3-rotated1-rotated3.jpg,fracture,"(224, 224)",205.70312495511655,72.94421635841837,150528,58.593694874393655,6,False,242.58421814671814,0.15195760317284718,0.3829414762371378,0.9646527630112879,7.544723294723294
./pages/models/Bone Fracture/Production/2025-01-15/fracture/115-rotated1-rotated2-rotated3.jpg,fracture,"(224, 224)",254.1792532882309,60.52660634566327,150528,50.192232602848954,402,False,223.81278153153153,0.1456520565619742,0.3529793160416348,0.9555255483964286,7.328145109395109
./pages/models/Bone Fracture/Production/2025-01-15/fracture/115-rotated2-rotated1-rotated1.jpg,fracture,"(224, 224)",545.8791179565626,62.843829719387756,150528,48.64807508070324,477,False,242.6532738095238,0.09899421602962678,0.39932174129119247,0.9486303788867755,6.334740990990991
./pages/models/Bone Fracture/Production/2025-01-15/fracture/115-rotated2-rotated1-rotated2.jpg,fracture,"(224, 224)",355.4047946064038,62.83613679846939,150528,48.254256479923775,420,False,191.00056306306305,0.08957314096286141,0.41633525705598,0.9587432968477391,5.727638352638353
./pages/models/Bone Fracture/Production/2025-01-15/fracture/115-rotated3-rotated2-rotated3.jpg,fracture,"(224, 224)",283.1048486078842,61.70224808673469,150528,49.18342443553834,414,False,177.46663851351352,0.10980159439942697,0.42140961104188457,0.9631283066579086,5.53758445945946
./pages/models/Bone Fracture/Production/2025-01-15/fracture/115-rotated3-rotated3-rotated2.jpg,fracture,"(224, 224)",274.32343824323846,61.71075813137755,150528,49.19827121597019,417,False,181.26077863577865,0.11473739943284697,0.42061783300615835,0.962354390121167,5.61434202059202
./pages/models/Bone Fracture/Production/2025-01-15/fracture/116-rotated1-rotated2.jpg,fracture,"(224, 224)",155.73169578248786,53.13265306122449,150528,41.870442911213196,1866,False,125.87980614543115,0.16692070114408375,0.528245261383109,0.9640064499464406,3.7480091698841695
./pages/models/Bone Fracture/Production/2025-01-15/fracture/116-rotated2-rotated3-rotated1.jpg,fracture,"(224, 224)",109.09561038344961,50.266282684948976,150528,43.96247901886906,1326,False,127.65542551480048,0.1730804066005781,0.4792886697252341,0.9669477319379918,4.8105091698841695
./pages/models/Bone Fracture/Production/2025-01-15/fracture/116-rotated2-rotated3-rotated3.jpg,fracture,"(224, 224)",112.80933253619136,50.253627232142854,150528,43.97642626499897,1347,False,127.3020431145431,0.17345403834783354,0.47312822690567574,0.9670587379292891,4.864864864864865
./pages/models/Bone Fracture/Production/2025-01-15/fracture/116-rotated2-rotated3.jpg,fracture,"(224, 224)",137.20897409867268,53.05905213647959,150528,41.95049641142915,1857,False,124.92929536679534,0.1622314884726733,0.5254466885601138,0.9644194222076208,3.747265122265122
./pages/models/Bone Fracture/Production/2025-01-15/fracture/116-rotated3-rotated2-rotated3.jpg,fracture,"(224, 224)",97.84720485263048,50.93150111607143,150528,43.468669436769694,1395,False,115.14808558558558,0.15492190613786347,0.48044457354925857,0.9695057086380414,4.362773487773487
./pages/models/Bone Fracture/Production/2025-01-15/fracture/116-rotated3-rotated3-rotated2.jpg,fracture,"(224, 224)",101.24301313966673,50.709343112244895,150528,43.63120055361325,1434,False,117.16149855212353,0.1567777767492262,0.4916439672848447,0.9691580189570562,4.230594433719433
./pages/models/Bone Fracture/Production/2025-01-15/fracture/117-rotated1-rotated2-rotated2.jpg,fracture,"(224, 224)",56.34848043433034,31.977638711734695,150528,38.99197074396596,4179,True,69.0428129021879,0.4232699812595185,0.7341044197592504,0.9773962657222154,2.0914374195624195
./pages/models/Bone Fracture/Production/2025-01-15/fracture/117-rotated2-rotated3-rotated2.jpg,fracture,"(224, 224)",74.27377701282302,30.70053411989796,150528,39.87679182808505,3858,True,86.59845559845557,0.3203942248252602,0.6443727427692827,0.972893030774674,3.0891248391248385
./pages/models/Bone Fracture/Production/2025-01-15/fracture/117-rotated2.jpg,fracture,"(224, 224)",461.9802694515306,32.637814891581634,150528,39.2639593300586,4275,True,145.9253539253539,0.5302853680636436,0.7808876209220753,0.9529542842800824,2.5430341055341046
./pages/models/Bone Fracture/Production/2025-01-15/fracture/117-rotated3-rotated1-rotated1.jpg,fracture,"(224, 224)",73.35176302462209,31.337631536989797,150528,39.427210481365705,3999,True,87.37763433075934,0.36666398613943785,0.6679591518006596,0.9720241682672373,2.8619490025740024
./pages/models/Bone Fracture/Production/2025-01-15/fracture/117-rotated3-rotated1-rotated3.jpg,fracture,"(224, 224)",60.00355035352092,31.910674426020407,150528,39.0593890707092,4020,True,73.74475144787645,0.39856337443510664,0.7233790155234182,0.9759178069725214,2.2096002252252256
./pages/models/Bone Fracture/Production/2025-01-15/fracture/118-rotated1-rotated2-rotated3.jpg,fracture,"(224, 224)",29.775332916383686,47.85746173469388,150528,41.66829708483497,0,False,33.713159588159584,0.19365893599942782,0.6491552311148383,0.990269577608454,1.7899774774774775
./pages/models/Bone Fracture/Production/2025-01-15/fracture/118-rotated1.jpg,fracture,"(224, 224)",178.92177364598805,51.04165338010204,150528,40.09267876202342,57,False,60.086953024453024,0.22343369095370916,0.6969614191119533,0.9812692677827479,1.7707931145431144
./pages/models/Bone Fracture/Production/2025-01-15/fracture/118-rotated2-rotated1.jpg,fracture,"(224, 224)",107.99087765752051,50.169304049744895,150528,40.267891976668054,12,False,53.99756676319176,0.18597914421586365,0.6662343633297025,0.9832893490419115,1.9951938545688543
./pages/models/Bone Fracture/Production/2025-01-15/fracture/118-rotated2-rotated2-rotated2.jpg,fracture,"(224, 224)",79.85001882499876,50.86025191326531,150528,40.07078152489194,24,False,46.0890444015444,0.21286063495964697,0.6855367802993519,0.985617913272154,1.70145592020592
./pages/models/Bone Fracture/Production/2025-01-15/fracture/118-rotated3-rotated1.jpg,fracture,"(224, 224)",119.3082599437321,51.45601482780612,150528,39.692283609330225,15,False,35.80910151222651,0.2388457584915678,0.7102010148442414,0.9886058489751516,1.5743444337194334
./pages/models/Bone Fracture/Production/2025-01-15/fracture/119-rotated1-rotated1-rotated1.jpg,fracture,"(224, 224)",153.56400593476016,59.950852997448976,150528,40.00720369292563,729,False,195.09292551480053,0.14252122758844857,0.6006170192816764,0.9386903612679935,3.459358912483913
./pages/models/Bone Fracture/Production/2025-01-15/fracture/119-rotated1-rotated2-rotated2.jpg,fracture,"(224, 224)",175.32779679900156,57.26470822704081,150528,42.21648195384876,720,False,212.9205477799228,0.16076002103525394,0.546318690724264,0.9401036184167871,4.3625925032175035
./pages/models/Bone Fracture/Production/2025-01-15/fracture/119-rotated1-rotated3-rotated2.jpg,fracture,"(224, 224)",199.82548180047496,60.437619579081634,150528,39.57393077615545,747,False,208.19011422136418,0.13109132054161285,0.5949593956418863,0.9329726462758259,3.6455115830115834
./pages/models/Bone Fracture/Production/2025-01-15/fracture/119-rotated2.jpg,fracture,"(224, 224)",448.7967392688292,59.47128109056123,150528,41.26637898965838,888,False,309.36554858429855,0.14839159838129723,0.560807461708433,0.9086894840904634,4.408059845559845
./pages/models/Bone Fracture/Production/2025-01-15/fracture/119-rotated3-rotated2.jpg,fracture,"(224, 224)",268.4823365022817,56.90166613520408,150528,42.59104210325019,795,False,257.6514639639639,0.15836205848602544,0.5474593692997873,0.9285351177209513,4.4731740669240665
./pages/models/Bone Fracture/Production/2025-01-15/fracture/119-rotated3-rotated3-rotated1.jpg,fracture,"(224, 224)",171.03761969561972,56.11854272959184,150528,42.64898362360307,666,False,200.6960867117117,0.16886301093488001,0.5317107244951016,0.9445832781537356,4.511080276705276
./pages/models/Bone Fracture/Production/2025-01-15/fracture/119.jpg,fracture,"(1500, 1664)",33.550223325601586,63.77536658653846,7488000,38.77090733752652,53928,True,39.47247372643401,0.1316913402501746,0.6055358926587315,0.9868634909946642,1.7017468912956277
./pages/models/Bone Fracture/Production/2025-01-15/fracture/12-rotated1-rotated3-rotated1.jpg,fracture,"(224, 224)",385.8341566115207,73.86619100765306,150528,75.93027775011552,0,False,310.3859797297297,0.2537334271216925,0.5498631347292506,0.97308644294352,5.95507561132561
./pages/models/Bone Fracture/Production/2025-01-15/fracture/12-rotated1.jpg,fracture,"(224, 224)",592.893138194372,79.6930006377551,150528,77.43392418850324,0,False,309.94091859716866,0.25878200045332866,0.5391171100024387,0.9741296358780936,5.663127413127413
./pages/models/Bone Fracture/Production/2025-01-15/fracture/12-rotated3-rotated1.jpg,fracture,"(224, 224)",385.5063267727288,74.05568399234694,150528,75.97105929146294,0,False,297.3166626447877,0.2584672854798774,0.5518678063106873,0.974248957246226,5.861949002574004
./pages/models/Bone Fracture/Production/2025-01-15/fracture/12-rotated3-rotated3-rotated1.jpg,fracture,"(224, 224)",275.29631040534196,69.07427853954081,150528,75.03572865013695,0,False,376.00953185328177,0.24431017460048365,0.49725813976357364,0.9666438521219864,7.619771557271556
./pages/models/Bone Fracture/Production/2025-01-15/fracture/120-rotated2-rotated2.jpg,fracture,"(224, 224)",148.7613841560869,64.50900829081633,150528,54.12564399778239,12,False,104.18291505791504,0.13376864323788884,0.49648284112629326,0.9821730297145725,4.086711711711711
./pages/models/Bone Fracture/Production/2025-01-15/fracture/120-rotated2-rotated3-rotated3.jpg,fracture,"(224, 224)",104.1554599684112,63.20854591836735,150528,55.09083910743843,3,False,90.68693693693693,0.14439664335342456,0.5027951552099243,0.9850283430956861,3.8239623552123554
./pages/models/Bone Fracture/Production/2025-01-15/fracture/120-rotated3-rotated1-rotated3.jpg,fracture,"(224, 224)",98.35612465390956,63.90551259566327,150528,54.73457249530632,6,False,109.02020994208495,0.1505027058053322,0.5057923543328585,0.9818181767981751,4.198580276705278
./pages/models/Bone Fracture/Production/2025-01-15/fracture/13-rotated1-rotated3.jpg,fracture,"(224, 224)",151.69318554174,61.15001195790816,150528,43.63980790087755,15,False,119.84157818532816,0.1328160802583483,0.571494261323649,0.9684890935838296,3.9218951093951095
./pages/models/Bone Fracture/Production/2025-01-15/fracture/13-rotated2-rotated1-rotated1.jpg,fracture,"(224, 224)",93.7310806522266,59.18463010204081,150528,45.181997943785724,3,False,118.38258124195625,0.15263496523377568,0.5513220424120864,0.9709647798210219,4.425333815958816
./pages/models/Bone Fracture/Production/2025-01-15/fracture/13-rotated2-rotated1.jpg,fracture,"(224, 224)",214.99905861342563,64.32027264030613,150528,40.35189530582927,90,False,94.42131193693695,0.1217039996834074,0.5990851244774058,0.9708132142466614,2.8642414736164734
./pages/models/Bone Fracture/Production/2025-01-15/fracture/13-rotated2-rotated3-rotated1.jpg,fracture,"(224, 224)",157.31365269593826,60.359992825255105,150528,43.831360311031986,48,False,63.88225949163448,0.13754034057084583,0.6308366843516012,0.983293208792259,2.394405566280566
./pages/models/Bone Fracture/Production/2025-01-15/fracture/14-rotated1-rotated3-rotated1.jpg,fracture,"(224, 224)",153.7326480924264,67.44194435586735,150528,60.816268878859674,0,False,162.854046010296,0.15849246131248346,0.5089771426071291,0.9779730556519622,4.840250965250964
./pages/models/Bone Fracture/Production/2025-01-15/fracture/14-rotated2.jpg,fracture,"(224, 224)",452.3687193841549,67.81678491709184,150528,60.445741236290324,0,False,195.39380228442727,0.17932725627372353,0.5269248534600356,0.9732331058696784,5.350888835263834
./pages/models/Bone Fracture/Production/2025-01-15/no fracture/10-rotated1-rotated1.jpg,no fracture,"(224, 224)",258.96276819244224,54.1740872130102,150528,60.77644801413596,123,False,211.8471685971686,0.22151584438546568,0.5801875017349264,0.9713818160805119,5.020632239382239
./pages/models/Bone Fracture/Production/2025-01-15/no fracture/10-rotated1-rotated2-rotated3.jpg,no fracture,"(224, 224)",110.66284009209775,52.41322544642857,150528,61.131361273459625,48,False,166.58073922136418,0.2286164626057489,0.5853363644907985,0.9777629211955691,4.673604407979408
./pages/models/Bone Fracture/Production/2025-01-15/no fracture/10-rotated1-rotated3-rotated1-rotated1.jpg,no fracture,"(224, 224)",116.80667112827896,52.04213169642857,150528,60.5278816791953,69,False,175.6793758043758,0.21371420512873607,0.568285030109582,0.9760877098781704,5.133888352638353
./pages/models/Bone Fracture/Production/2025-01-15/no fracture/10-rotated2-rotated1-rotated1.jpg,no fracture,"(224, 224)",177.81718920191742,54.59442761479592,150528,60.722619996836066,57,False,182.08735521235525,0.21732228970086218,0.5889630397212631,0.9753480023922213,4.748230373230374
./pages/models/Bone Fracture/Production/2025-01-15/no fracture/10-rotated2-rotated2-rotated2.jpg,no fracture,"(224, 224)",122.29435506913623,55.45196906887755,150528,61.040809903227036,6,False,177.72524533462035,0.20480817010310196,0.5775744745923745,0.9761643555830651,4.739965411840413
./pages/models/Bone Fracture/Production/2025-01-15/no fracture/10-rotated2-rotated3-rotated1.jpg,no fracture,"(224, 224)",127.92570031955313,54.20786830357143,150528,60.79345677317285,27,False,161.43444337194336,0.2078376375975585,0.5752629607846608,0.9781812830707546,4.565516409266408
./pages/models/Bone Fracture/Production/2025-01-15/no fracture/10-rotated3-rotated1-rotated1-rotated1.jpg,no fracture,"(224, 224)",80.99518122190436,50.9572903380102,150528,60.80537735170712,48,False,169.1478844916345,0.22769722096535974,0.5641216511660504,0.9771706702214947,5.282617438867439
./pages/models/Bone Fracture/Production/2025-01-15/no fracture/10-rotated3-rotated1-rotated3.jpg,no fracture,"(224, 224)",105.82980838213203,52.278977997448976,150528,60.710282967120634,54,False,178.67656048906045,0.22077842737925896,0.5781420522490905,0.9757902114439382,5.139076576576576
./pages/models/Bone Fracture/Production/2025-01-15/no fracture/10-rotated3-rotated3.jpg,no fracture,"(224, 224)",161.85571555821213,54.649394132653065,150528,61.34869250715134,39,False,182.9407577220077,0.2102506813347403,0.5912866550281304,0.975720453026323,4.619972651222651
./pages/models/Bone Fracture/Production/2025-01-15/no fracture/12-rotated1-rotated1-rotated2-rotated1.jpg,no fracture,"(224, 224)",63.606337878168844,55.388113839285715,150528,39.266457301200994,9,False,58.67378539253539,0.15738230965649025,0.6247930247102272,0.9808949879154324,2.56382722007722
./pages/models/Bone Fracture/Production/2025-01-15/no fracture/12-rotated1-rotated2-rotated2-rotated1.jpg,no fracture,"(224, 224)",67.92391163048671,55.55853396045919,150528,39.32225727506746,9,False,75.54110360360359,0.15695040787555042,0.6017496438219812,0.9754963458204947,3.0564671814671813
./pages/models/Bone Fracture/Production/2025-01-15/no fracture/12-rotated2-rotated1-rotated1.jpg,no fracture,"(224, 224)",86.04622644704861,57.74790736607143,150528,38.08380340508996,33,False,85.78374356499359,0.14698377900112017,0.599465806076229,0.9703168807475182,3.182955276705277
./pages/models/Bone Fracture/Production/2025-01-15/no fracture/12-rotated2-rotated1-rotated2-rotated1.jpg,no fracture,"(224, 224)",68.38142768664441,53.521065848214285,150528,40.75595742314844,3,False,83.8831443050193,0.17789441517404372,0.5809639510588234,0.9746956126126034,3.5728965572715574
./pages/models/Bone Fracture/Production/2025-01-15/no fracture/12-rotated3-rotated1-rotated3.jpg,no fracture,"(224, 224)",93.02450174969565,55.27836017219388,150528,39.569322067397934,18,False,67.59867680180182,0.15882764096302066,0.611180250525667,0.9783433804771614,2.7508244851994856
./pages/models/Bone Fracture/Production/2025-01-15/no fracture/12-rotated3-rotated2-rotated2-rotated1.jpg,no fracture,"(224, 224)",68.35059200630046,55.417689732142854,150528,39.21434163435265,9,False,59.239724099099085,0.14961042705406172,0.6245503391350969,0.9805672806858378,2.5231056949806945
./pages/models/Bone Fracture/Production/2025-01-15/no fracture/12-rotated3-rotated2-rotated3.jpg,no fracture,"(224, 224)",96.54520152797804,55.42887037627551,150528,39.319297774790556,39,False,69.1153877091377,0.14890271933654872,0.6249953253642495,0.9774500370759471,2.6383526383526386
./pages/models/Bone Fracture/Production/2025-01-15/no fracture/13-rotated1-rotated2-rotated2.jpg,no fracture,"(224, 224)",106.94012681864936,43.896364795918366,150528,55.938254807809784,243,False,151.96951415701415,0.33506764793542876,0.5953810076482584,0.9758037297744159,4.140444015444015
./pages/models/Bone Fracture/Production/2025-01-15/no fracture/13-rotated1-rotated3-rotated1.jpg,no fracture,"(224, 224)",135.9433832943117,45.567502391581634,150528,55.14865646430053,228,False,107.81624034749035,0.3774749830030728,0.6169299525779728,0.9822831583834906,3.3703346203346203
./pages/models/Bone Fracture/Production/2025-01-15/no fracture/13-rotated2-rotated2-rotated1-rotated1.jpg,no fracture,"(224, 224)",73.39505946998644,44.936204559948976,150528,55.397624309651654,243,False,115.79526624839121,0.33587591019683155,0.6032776256904275,0.9811707168130451,3.638573841698841
./pages/models/Bone Fracture/Production/2025-01-15/no fracture/13-rotated2-rotated2-rotated3-rotated1.jpg,no fracture,"(224, 224)",80.36268833069839,43.66527822066327,150528,55.90645967589459,198,False,112.91268500643501,0.33018882272726513,0.6306212797716908,0.9820042109138754,3.083534427284427
./pages/models/Bone Fracture/Production/2025-01-15/no fracture/13-rotated3-rotated2-rotated3.jpg,no fracture,"(224, 224)",75.49060118928249,44.08970424107143,150528,56.10497056804527,201,False,119.19715250965248,0.3131120720024118,0.6143089589729118,0.9811296679599588,3.3246862934362924
./pages/models/Bone Fracture/Production/2025-01-15/no fracture/13-rotated3-rotated3.jpg,no fracture,"(224, 224)",147.03810694733045,44.16938376913265,150528,55.94559666051703,285,False,161.19697152509647,0.34040738324357434,0.6046031178064147,0.9743278853298941,4.123371138996138
./pages/models/Bone Fracture/Production/2025-01-15/no fracture/14-rotated1-rotated1-rotated1-rotated1.jpg,no fracture,"(224, 224)",83.71648651339122,59.33516023596939,150528,62.21942100224612,0,False,111.20752895752894,0.2277544388074957,0.6058038821842375,0.985638491701517,3.7521315958815955
./pages/models/Bone Fracture/Production/2025-01-15/no fracture/14-rotated1-rotated1-rotated2.jpg,no fracture,"(224, 224)",98.2382267761707,58.763791454081634,150528,62.48523142735801,0,False,135.7557713963964,0.23337705663394845,0.6002293806634762,0.9826450978439074,4.229709620334621
./pages/models/Bone Fracture/Production/2025-01-15/no fracture/14-rotated2-rotated3-rotated3.jpg,no fracture,"(224, 224)",123.94805112177015,58.14594626913265,150528,62.50640053888968,0,False,158.14802525740026,0.22656083447403508,0.5963913112360907,0.9797871790386704,4.198781370656371
./pages/models/Bone Fracture/Production/2025-01-15/no fracture/14-rotated3-rotated1-rotated2-rotated1.jpg,no fracture,"(224, 224)",73.3836429441834,58.73124601403061,150528,62.298164669590086,0,False,150.8989703989704,0.22392805118112527,0.5842106888084895,0.9805893524900856,4.253861003861004
./pages/models/Bone Fracture/Production/2025-01-15/no fracture/14-rotated3-rotated1-rotated2.jpg,no fracture,"(224, 224)",106.53127973589088,58.745874521683675,150528,62.421345061737696,0,False,172.0766369047619,0.22607361019973587,0.5879513226152052,0.9779599357944935,4.503961550836551
./pages/models/Bone Fracture/Production/2025-01-15/no fracture/14-rotated3-rotated2-rotated1-rotated1.jpg,no fracture,"(224, 224)",70.0540782729073,56.77682557397959,150528,62.44551338180676,0,False,119.28645833333331,0.237342798919032,0.5995890191020308,0.9847307436839372,3.8274814993565
./pages/models/Bone Fracture/Production/2025-01-15/no fracture/15-rotated1-rotated1-rotated1.jpg,no fracture,"(224, 224)",114.12032197962597,58.701191804846935,150528,63.66346151041243,0,False,150.61536759974263,0.20026019999211073,0.5914515468486807,0.9814596923941504,3.7943412162162167
./pages/models/Bone Fracture/Production/2025-01-15/no fracture/15-rotated1-rotated1-rotated3.jpg,no fracture,"(224, 224)",113.79550939239795,58.2502590880102,150528,64.43489735247366,0,False,172.37254665379666,0.2019897753938616,0.5431566758113167,0.9793102734754788,4.670407014157013
./pages/models/Bone Fracture/Production/2025-01-15/no fracture/15-rotated1-rotated1.jpg,no fracture,"(224, 224)",237.74209919436578,60.75404575892857,150528,63.05760693259891,6,False,172.4056869369369,0.20484172546167342,0.6146768191586632,0.9783316178455475,3.496903153153152
./pages/models/Bone Fracture/Production/2025-01-15/no fracture/15-rotated1-rotated2-rotated1.jpg,no fracture,"(224, 224)",111.2636365207321,57.839425223214285,150528,64.28981467097694,0,False,172.75997425997426,0.20834786652293438,0.5525003135455034,0.9791637940556869,4.578104890604891
./pages/models/Bone Fracture/Production/2025-01-15/no fracture/15-rotated1-rotated3-rotated2.jpg,no fracture,"(224, 224)",111.3513588736525,58.55125956632653,150528,64.18151528054523,0,False,169.23696911196907,0.1994198038382533,0.5563358770694243,0.9795224057529722,4.377332689832689
./pages/models/Bone Fracture/Production/2025-01-15/no fracture/15-rotated1.jpg,no fracture,"(224, 224)",248.18210915275935,60.580835459183675,150528,63.15528580717683,9,False,174.26675112612614,0.2031611497965913,0.6120472237290225,0.9781667527401816,3.538871460746461
./pages/models/Bone Fracture/Production/2025-01-15/no fracture/15-rotated2-rotated1-rotated1.jpg,no fracture,"(224, 224)",94.37058178775762,60.531907684948976,150528,62.59558808252456,0,False,114.75203104890603,0.19788900512085175,0.6260453236000283,0.9853730197572014,2.9670004826254823
./pages/models/Bone Fracture/Production/2025-01-15/no fracture/15-rotated2-rotated2-rotated1-rotated1.jpg,no fracture,"(224, 224)",106.68053336145479,59.10455197704081,150528,63.15507554149511,0,False,118.02507641570139,0.18893658918838438,0.6043746607243395,0.9852113140774305,3.2269345238095233
./pages/models/Bone Fracture/Production/2025-01-15/no fracture/15-rotated2.jpg,no fracture,"(224, 224)",263.3766767346129,59.371014030612244,150528,63.93383969258016,6,False,198.73340974903476,0.20066663696481524,0.580381123860963,0.9757323444995621,4.1524091055341055
./pages/models/Bone Fracture/Production/2025-01-15/no fracture/15-rotated3-rotated1-rotated3-rotated1.jpg,no fracture,"(224, 224)",87.4958917426348,58.536790497448976,150528,63.65035355806313,0,False,122.26886261261264,0.19097386882330974,0.6016660395955179,0.9849263530750988,3.344111969111969
./pages/models/Bone Fracture/Production/2025-01-15/no fracture/15-rotated3-rotated2-rotated2-rotated1.jpg,no fracture,"(224, 224)",125.97381618131155,59.085319674744895,150528,63.343429193972646,0,False,135.8896396396396,0.19257053691441994,0.6093159320129,0.9830822387896146,3.3481338481338483
./pages/models/Bone Fracture/Production/2025-01-15/no fracture/15-rotated3-rotated3-rotated2.jpg,no fracture,"(224, 224)",107.18342861340771,57.225506218112244,150528,64.60561053847343,0,False,167.7656451093951,0.21448413428899354,0.5333759281208773,0.9799607540916294,5.002292471042471
./pages/models/Bone Fracture/Production/2025-01-15/no fracture/16-rotated1-rotated2-rotated2-rotated1.jpg,no fracture,"(224, 224)",118.79707274105289,58.99822624362245,150528,70.309871385408,0,False,243.32683799871293,0.19364836030468024,0.5522961898425516,0.9754781369401858,5.960444819819817
./pages/models/Bone Fracture/Production/2025-01-15/no fracture/16-rotated1-rotated2-rotated2.jpg,no fracture,"(224, 224)",190.34516289610505,61.262715242346935,150528,70.94080064127348,0,False,318.2447514478764,0.1857055374684517,0.5539799691332267,0.9684784966298166,6.269646879021878
./pages/models/Bone Fracture/Production/2025-01-15/no fracture/16-rotated1-rotated3-rotated2.jpg,no fracture,"(224, 224)",205.34264709491723,64.8868183992347,150528,71.72597797734531,0,False,351.86661438223933,0.17548652400818798,0.5525175281164821,0.9658608614413723,6.242941602316603
./pages/models/Bone Fracture/Production/2025-01-15/no fracture/16-rotated2-rotated1-rotated2.jpg,no fracture,"(224, 224)",221.9322210591518,59.3798828125,150528,70.43982265414566,0,False,285.4819015444016,0.189738906079265,0.5472679493205767,0.9713287842230552,6.2201174388674385
./pages/models/Bone Fracture/Production/2025-01-15/no fracture/16-rotated2-rotated1-rotated3-rotated1.jpg,no fracture,"(224, 224)",124.14410163342383,56.916573660714285,150528,70.11688758958141,0,False,186.92263915701417,0.20767637358154464,0.5492177208976214,0.9810594338127344,5.854991151866153
./pages/models/Bone Fracture/Production/2025-01-15/no fracture/16-rotated2-rotated2-rotated1.jpg,no fracture,"(224, 224)",167.2081808763859,60.21731505102041,150528,70.7059992998294,0,False,300.2452340733591,0.18390472871607355,0.5486397894580795,0.9700690394258302,6.257460585585585
./pages/models/Bone Fracture/Production/2025-01-15/no fracture/16-rotated2-rotated3.jpg,no fracture,"(224, 224)",204.59458152297535,57.359095982142854,150528,70.25471347175987,0,False,259.54486406048903,0.21092166058470124,0.5617240092874417,0.9738153647929987,6.247446106821105
./pages/models/Bone Fracture/Production/2025-01-15/no fracture/16-rotated3-rotated1-rotated1.jpg,no fracture,"(224, 224)",239.13916721685584,63.77680564413265,150528,71.39502469017275,0,False,349.1585625804375,0.1702124097812515,0.5385171720238554,0.9658162254723233,6.2589888996138985
./pages/models/Bone Fracture/Production/2025-01-15/no fracture/16-rotated3-rotated2-rotated1-rotated1.jpg,no fracture,"(224, 224)",102.10281269712182,59.725167410714285,150528,70.29454079863694,0,False,182.08596766409266,0.1936243542889703,0.575351976330834,0.9816449407915886,5.013211872586872
./pages/models/Bone Fracture/Production/2025-01-15/no fracture/16-rotated3-rotated3-rotated1.jpg,no fracture,"(224, 224)",169.44566763663775,61.49292490433673,150528,70.96045792533778,0,False,318.3468066280566,0.1855148625540423,0.5541587215415539,0.9684834996564632,6.26624839124839
./pages/models/Bone Fracture/Production/2025-01-15/no fracture/16.jpg,no fracture,"(750, 1256)",206.00233688695866,70.12552866242038,2826000,74.06307249583332,0,False,67.35400212652844,0.20818196938717276,0.6789624730390561,0.9938521279019124,2.1215853269537477
./pages/models/Bone Fracture/Production/2025-01-15/no fracture/17-rotated1-rotated1-rotated2.jpg,no fracture,"(224, 224)",149.26173170781644,49.53228635204081,150528,56.79216251295239,261,False,217.9915741634492,0.27223512878222583,0.5976926091112217,0.966334564380852,4.7776101994852
./pages/models/Bone Fracture/Production/2025-01-15/no fracture/17-rotated1-rotated1-rotated3-rotated1.jpg,no fracture,"(224, 224)",106.8118254213917,47.79454320790816,150528,56.09010773980525,399,False,117.04542712355212,0.28395939738155634,0.6260860937363417,0.9812663405229274,3.6146034427284426
./pages/models/Bone Fracture/Production/2025-01-15/no fracture/17-rotated1-rotated1-rotated3.jpg,no fracture,"(224, 224)",106.73021382105844,47.805743781887756,150528,56.08701294469794,378,False,117.03018420205922,0.2855075216874528,0.6276566548511586,0.9812667445380531,3.609736969111969
./pages/models/Bone Fracture/Production/2025-01-15/no fracture/17-rotated1-rotated1.jpg,no fracture,"(224, 224)",143.48279795831365,46.34707828443877,150528,54.69547948922336,960,False,123.389699967825,0.2841312799534755,0.641445431253253,0.9792759767550031,3.46080678893179
./pages/models/Bone Fracture/Production/2025-01-15/no fracture/17-rotated1-rotated2-rotated3-rotated1.jpg,no fracture,"(224, 224)",90.38610225774406,43.787468112244895,150528,54.75454774030333,822,False,98.02386985199483,0.2806831467701247,0.6542111961765146,0.983623393654692,3.2610400579150576
./pages/models/Bone Fracture/Production/2025-01-15/no fracture/17-rotated1-rotated3-rotated2.jpg,no fracture,"(224, 224)",156.37553785126292,44.03569435586735,150528,54.793667185507616,969,False,153.2398447554697,0.27076932449883434,0.638040705910081,0.9745022286614022,3.659286518661518
./pages/models/Bone Fracture/Production/2025-01-15/no fracture/17-rotated1-rotated3.jpg,no fracture,"(224, 224)",193.04382912668774,46.40640943877551,150528,57.00874791942034,495,False,255.48572232947234,0.27683191535913054,0.585118849699719,0.9608664591162981,6.010336229086229
./pages/models/Bone Fracture/Production/2025-01-15/no fracture/17-rotated2-rotated1.jpg,no fracture,"(224, 224)",201.46418768562216,50.08179209183673,150528,56.91611864531963,333,False,276.83371541184044,0.29009100047316305,0.5967836870767441,0.9574470207176148,5.456422940797942
./pages/models/Bone Fracture/Production/2025-01-15/no fracture/17-rotated2-rotated2-rotated2-rotated1.jpg,no fracture,"(224, 224)",104.77122853408999,46.234793526785715,150528,55.30416187611861,708,False,106.07585263835263,0.28303356612073344,0.6426261533406725,0.9825642504741393,3.3427043114543116
./pages/models/Bone Fracture/Production/2025-01-15/no fracture/17-rotated2-rotated2-rotated2.jpg,no fracture,"(224, 224)",222.12630672526328,49.715401785714285,150528,56.96503161203817,306,False,252.60702220077224,0.27781424723818193,0.5948889403474356,0.9612188298665755,5.05184202059202
./pages/models/Bone Fracture/Production/2025-01-15/no fracture/17-rotated2-rotated3-rotated3-rotated1.jpg,no fracture,"(224, 224)",118.26744847772322,46.890704719387756,150528,55.187884353489075,555,False,198.58731499356503,0.2676085156540564,0.5927366737297908,0.9675042535608238,4.617318211068212
./pages/models/Bone Fracture/Production/2025-01-15/no fracture/17-rotated3-rotated3-rotated3.jpg,no fracture,"(224, 224)",123.9651035716364,44.18506855867347,150528,55.95103399389267,717,False,215.25555019305023,0.2843067286889277,0.5899771797777398,0.9657681929844778,5.727397039897038
./pages/models/Bone Fracture/Production/2025-01-15/no fracture/18-rotated1-rotated2-rotated3-rotated1.jpg,no fracture,"(224, 224)",62.550691609777836,31.379484215561224,150528,44.6704002625807,4458,True,109.51833976833979,0.40256628029412656,0.6645974964693503,0.972707609720372,3.5749276061776056
./pages/models/Bone Fracture/Production/2025-01-15/no fracture/18-rotated1-rotated3-rotated1.jpg,no fracture,"(224, 224)",66.20848330672906,31.70802774234694,150528,44.407289337108146,4710,True,63.93532818532817,0.4080571141038147,0.695542861068081,0.9837726243951693,2.4476753539253537
./pages/models/Bone Fracture/Production/2025-01-15/no fracture/18-rotated2-rotated1-rotated1-rotated1.jpg,no fracture,"(224, 224)",64.73949590140408,32.68961256377551,150528,45.0630448806158,4413,True,100.02919884169883,0.4278237028785814,0.6839929981166323,0.9755006971432565,3.1545205920205923
./pages/models/Bone Fracture/Production/2025-01-15/no fracture/18-rotated2-rotated1-rotated3.jpg,no fracture,"(224, 224)",100.29946243519686,32.416294642857146,150528,45.41034221009214,4278,True,127.57215250965254,0.41472148488119653,0.6688001831478907,0.9692374491590736,3.6713722651222653
./pages/models/Bone Fracture/Production/2025-01-15/no fracture/18-rotated2-rotated3-rotated3.jpg,no fracture,"(224, 224)",117.72429069445957,31.928113042091837,150528,44.421791428596634,4719,True,73.71136985199485,0.42903103286332,0.7178198953746987,0.9812972556888818,2.3586912805662807
./pages/models/Bone Fracture/Production/2025-01-15/no fracture/18-rotated3-rotated2-rotated1-rotated1.jpg,no fracture,"(224, 224)",58.74625765924798,31.897201849489797,150528,44.214353725881764,4611,True,76.57647602960103,0.42477374387571076,0.711830985526755,0.9805056189438142,2.523387226512226
./pages/models/Bone Fracture/Production/2025-01-15/no fracture/18.jpg,no fracture,"(1066, 1652)",58.042999574313896,35.102020292646586,5283096,45.37324859398668,158109,True,20.551095571095573,0.5184833821488223,0.8576453431159011,0.9950099183184073,0.739273409517312
./pages/models/Bone Fracture/Production/2025-01-15/no fracture/19-rotated1-rotated1-rotated1.jpg,no fracture,"(224, 224)",111.5379578107002,36.684251434948976,150528,48.24977087756792,3630,True,121.64844755469757,0.24515192933604346,0.6510032396690495,0.9739820874098538,3.387347168597169
./pages/models/Bone Fracture/Production/2025-01-15/no fracture/19-rotated1-rotated1.jpg,no fracture,"(224, 224)",164.94564479969284,36.757114955357146,150528,48.40416581756284,3840,True,143.3386221042471,0.249969705880945,0.6512604334980304,0.9695260793052056,3.5543959137709136
./pages/models/Bone Fracture/Production/2025-01-15/no fracture/19-rotated1-rotated2-rotated3-rotated1.jpg,no fracture,"(224, 224)",84.99720870887474,36.47638313137755,150528,48.188831329301,3561,True,89.74577702702702,0.24048696847963041,0.6553610004221121,0.9806862809778111,3.047699485199485
./pages/models/Bone Fracture/Production/2025-01-15/no fracture/19-rotated1-rotated2.jpg,no fracture,"(224, 224)",150.4337353938721,36.80811543367347,150528,48.34800251721929,3732,True,129.583092020592,0.23996618787003343,0.6425918972457081,0.9723196364897835,3.496219433719434
./pages/models/Bone Fracture/Production/2025-01-15/no fracture/19-rotated1-rotated3-rotated2-rotated1.jpg,no fracture,"(224, 224)",68.49777684177968,35.77465322066327,150528,48.7377562226251,3519,True,132.8511502574002,0.23899795703772778,0.578918313839592,0.9721689365872698,4.394305019305018
./pages/models/Bone Fracture/Production/2025-01-15/no fracture/19-rotated2-rotated1-rotated1.jpg,no fracture,"(224, 224)",97.03552050314461,36.32676977040816,150528,48.521818127516624,3657,True,133.47842261904762,0.24268702082741053,0.6294821309858949,0.9717994194786546,3.7551278957528957
./pages/models/Bone Fracture/Production/2025-01-15/no fracture/19-rotated2-rotated1-rotated2-rotated1.jpg,no fracture,"(224, 224)",79.07305498293964,36.22729990433673,150528,48.34652348411065,3573,True,111.05445624195623,0.24813294922961193,0.6571706598292605,0.9763555162045526,3.281531531531532
./pages/models/Bone Fracture/Production/2025-01-15/no fracture/19-rotated2-rotated2-rotated1.jpg,no fracture,"(224, 224)",99.83494904973712,35.681660554846935,150528,48.906818712063554,3507,True,148.53030485842987,0.24688079931527263,0.5898419718161626,0.9691026942194585,4.4425876769626775
./pages/models/Bone Fracture/Production/2025-01-15/no fracture/19-rotated2-rotated2-rotated2.jpg,no fracture,"(224, 224)",104.13755295486163,36.227658641581634,150528,48.54654210287516,3684,True,136.05602477477478,0.23769718602335563,0.622916364847661,0.9712721362348429,3.8044160231660222
./pages/models/Bone Fracture/Production/2025-01-15/no fracture/19-rotated2-rotated3-rotated3.jpg,no fracture,"(224, 224)",102.20368085231249,36.1838528380102,150528,48.55456659729914,3642,True,136.1731217824968,0.2463606972541903,0.6285575463777744,0.9712692169275609,3.8569216537966535
./pages/models/Bone Fracture/Production/2025-01-15/no fracture/19-rotated3-rotated1-rotated1-rotated1.jpg,no fracture,"(224, 224)",68.24018484232376,35.85650510204081,150528,48.711848713969246,3516,True,126.87618645431142,0.24439571105863858,0.5866133390246222,0.9733930666491973,4.206744691119691
./pages/models/Bone Fracture/Production/2025-01-15/no fracture/20-rotated1-rotated2-rotated3-rotated1.jpg,no fracture,"(224, 224)",93.18719601541794,47.552754304846935,150528,57.782213929884456,753,False,155.5247345559846,0.23341032726360275,0.5954935382435604,0.9768088843723067,4.914173101673103
./pages/models/Bone Fracture/Production/2025-01-15/no fracture/20-rotated2-rotated1.jpg,no fracture,"(224, 224)",175.62317458235782,52.52780213647959,150528,58.178518539508396,522,False,176.06839205276705,0.24660127280931327,0.6207034960765345,0.9740748288827651,4.680401383526384
./pages/models/Bone Fracture/Production/2025-01-15/no fracture/20-rotated2-rotated2-rotated3-rotated1.jpg,no fracture,"(224, 224)",101.88534248317096,47.007114955357146,150528,58.02424139001164,678,False,157.63831241956237,0.22619369871238948,0.579157303182317,0.9766753852209824,5.107746138996138
./pages/models/Bone Fracture/Production/2025-01-15/no fracture/20-rotated3-rotated1-rotated2.jpg,no fracture,"(224, 224)",122.01723439829493,49.324298469387756,150528,58.93948171040375,462,False,177.8629946911197,0.23193148858709786,0.6065065286682791,0.974406426880115,5.055079633204634
./pages/models/Bone Fracture/Production/2025-01-15/no fracture/20-rotated3-rotated1.jpg,no fracture,"(224, 224)",335.92405009875444,47.88123804209184,150528,58.268626262089604,1167,False,240.5177364864865,0.23725379931496968,0.5998487793276521,0.964746087333454,5.659909909909909
./pages/models/Bone Fracture/Production/2025-01-15/no fracture/20-rotated3-rotated3-rotated1-rotated1.jpg,no fracture,"(224, 224)",118.81086628598904,48.93168048469388,150528,58.65865262615369,420,False,132.55057512870013,0.22300350676666322,0.6126679875898647,0.980773829648001,4.177948037323038
./pages/models/Bone Fracture/Production/2025-01-15/no fracture/20-rotated3-rotated3-rotated2.jpg,no fracture,"(224, 224)",119.73156419092295,48.44955755739796,150528,58.692470803582395,513,False,155.90610923423426,0.23620208644685903,0.6186059975469236,0.977441666632909,4.447615025740025
./pages/models/Bone Fracture/Production/2025-01-15/no fracture/20.jpg,no fracture,"(758, 1432)",77.92890760721119,53.601871471529016,3256368,58.23013706457694,26808,True,37.14113511817998,0.2976067092042543,0.7349530791764411,0.9945247047153378,1.5837057401701202
./pages/models/Bone Fracture/Production/2025-01-15/no fracture/21-rotated1-rotated1.jpg,no fracture,"(224, 224)",171.63898726991204,44.211595184948976,150528,50.84157160884735,1668,False,158.17294079794078,0.311408688038707,0.6507591351794417,0.969540143285045,3.808236808236808
./pages/models/Bone Fracture/Production/2025-01-15/no fracture/21-rotated1-rotated2-rotated1-rotated1.jpg,no fracture,"(224, 224)",97.56400968233083,41.48441485969388,150528,51.01804695910819,1524,False,79.5073198198198,0.3005603133466054,0.6865634589512519,0.9847223436858838,2.5115427927927922
./pages/models/Bone Fracture/Production/2025-01-15/no fracture/21-rotated1-rotated2-rotated2-rotated1.jpg,no fracture,"(224, 224)",87.6789324246859,41.83189174107143,150528,50.81518332626482,1572,False,101.47295286357785,0.29789794465070535,0.6592534622041092,0.9803884376862394,2.994027509652509
./pages/models/Bone Fracture/Production/2025-01-15/no fracture/21-rotated1-rotated2.jpg,no fracture,"(224, 224)",165.35964952434713,43.80875318877551,150528,51.45195493860399,1464,False,171.57160955598457,0.2809321459364999,0.6200888535553496,0.9677265148728553,4.312680984555985
./pages/models/Bone Fracture/Production/2025-01-15/no fracture/21-rotated2-rotated2-rotated3-rotated1.jpg,no fracture,"(224, 224)",77.80400907174095,41.576450892857146,150528,51.83721321978675,1251,False,153.87518098455598,0.2853769162478972,0.620880333049237,0.9714987683929076,4.6168556949806945
./pages/models/Bone Fracture/Production/2025-01-15/no fracture/21-rotated2-rotated3-rotated2.jpg,no fracture,"(224, 224)",106.25830378367571,43.31981425382653,150528,50.87995782263484,1617,False,140.47908622908622,0.30600647815360466,0.6512825749902481,0.9729955795251927,3.7219272844272844
./pages/models/Bone Fracture/Production/2025-01-15/no fracture/4-rotated2-rotated3-rotated1-rotated1.jpg,no fracture,"(224, 224)",96.45578891662001,70.77080676020408,150528,44.07704707167123,0,False,104.62244610682112,0.14334186375840544,0.4978430252514302,0.9729016912522531,4.288831241956242
./pages/models/Bone Fracture/Production/2025-01-15/no fracture/4-rotated3-rotated2-rotated3.jpg,no fracture,"(224, 224)",121.54760782185419,68.9114915497449,150528,45.57662595219869,3,False,104.51282979407979,0.16592160760362357,0.5527122533948274,0.9747018709555709,3.8279842342342345
./pages/models/Bone Fracture/Production/2025-01-15/no fracture/4-rotated3-rotated3-rotated3.jpg,no fracture,"(224, 224)",127.46610439186146,69.29956552933673,150528,45.32136090141869,0,False,102.5918194980695,0.16073117035326556,0.5559813668333249,0.9748812441225629,3.79355694980695
./pages/models/Bone Fracture/Production/2025-01-15/no fracture/5-rotated1-rotated1-rotated2-rotated1.jpg,no fracture,"(224, 224)",83.97664899242166,47.09119897959184,150528,54.9759525846807,501,False,95.99382641570139,0.20620997009806813,0.5745896097949131,0.9840853113169764,3.5214969433719423
./pages/models/Bone Fracture/Production/2025-01-15/no fracture/5-rotated1-rotated2-rotated1.jpg,no fracture,"(224, 224)",130.7107953850501,46.52090640943877,150528,55.456567911557485,540,False,157.6003257722007,0.19568543618001433,0.5650696960518443,0.9744666291760472,4.308216698841698
./pages/models/Bone Fracture/Production/2025-01-15/no fracture/5-rotated1-rotated2-rotated2.jpg,no fracture,"(224, 224)",147.05288624118043,46.91541772959184,150528,55.31407221204039,561,False,135.41618404118404,0.196814205570052,0.580663166148845,0.9778998450119284,3.8595962033462023
./pages/models/Bone Fracture/Production/2025-01-15/no fracture/5-rotated1-rotated3-rotated2-rotated1.jpg,no fracture,"(224, 224)",88.44698050616931,46.02166374362245,150528,55.52591270797254,540,False,140.5430341055341,0.19445671318238036,0.562828475613849,0.9772888873483077,4.104448198198197
./pages/models/Bone Fracture/Production/2025-01-15/no fracture/5-rotated2-rotated1-rotated2-rotated1.jpg,no fracture,"(224, 224)",92.34158321223325,46.177853954081634,150528,55.46110608284649,504,False,142.92694256756758,0.19625330959041493,0.5566370909432442,0.9768485913025922,4.21905164092664
./pages/models/Bone Fracture/Production/2025-01-15/no fracture/5-rotated2-rotated1-rotated3.jpg,no fracture,"(224, 224)",125.77281107618529,45.73810188137755,150528,55.91163454637278,456,False,166.89619530244528,0.21668133437851492,0.5267046999102111,0.9734025484767094,5.072956885456886
./pages/models/Bone Fracture/Production/2025-01-15/no fracture/5-rotated2-rotated2-rotated3.jpg,no fracture,"(224, 224)",123.52021971904749,45.84869260204081,150528,55.788450321714116,465,False,164.18832448519947,0.21142280925262852,0.536386323245718,0.9737156910183046,4.879886583011581
./pages/models/Bone Fracture/Production/2025-01-15/no fracture/5-rotated3-rotated1-rotated2-rotated1.jpg,no fracture,"(224, 224)",89.59040137262755,46.35564811862245,150528,55.370476227515816,513,False,130.4741393178893,0.19587736614936435,0.5721068758068434,0.9787773562534007,3.8295527670527663
./pages/models/Bone Fracture/Production/2025-01-15/no fracture/5-rotated3-rotated2-rotated2-rotated1.jpg,no fracture,"(224, 224)",90.84879714317591,46.029615752551024,150528,55.22781732299216,561,False,104.41421332046335,0.20489141464899868,0.5691772446758466,0.9828670817396034,3.6358992921492925
./pages/models/Bone Fracture/Production/2025-01-15/no fracture/5-rotated3-rotated2-rotated2.jpg,no fracture,"(224, 224)",144.16381950171876,47.006556919642854,150528,55.27116682529888,564,False,131.83429858429855,0.19693744601365884,0.5734022228993126,0.9784479174583449,3.8849340411840405
./pages/models/Bone Fracture/Production/2025-01-15/no fracture/5-rotated3-rotated3-rotated1.jpg,no fracture,"(224, 224)",119.68079001543076,45.18877551020408,150528,55.71060683509288,516,False,177.10173342985843,0.2156004293962648,0.5062660147224123,0.9715791752781097,5.353503056628056
./pages/models/Bone Fracture/Production/2025-01-15/no fracture/5-rotated3.jpg,no fracture,"(224, 224)",486.39348561899817,46.13675860969388,150528,56.11967711353632,549,False,239.19371380308883,0.21759911897492867,0.5251857923506634,0.9621427474194949,5.564571267696268
./pages/models/Bone Fracture/Production/2025-01-15/no fracture/6-rotated1-rotated2-rotated1.jpg,no fracture,"(224, 224)",241.29288226234476,64.83591757015306,150528,61.28114285791999,0,False,238.7678571428571,0.1517620709836514,0.48247465698223535,0.9681886408257621,6.0534507722007715
./pages/models/Bone Fracture/Production/2025-01-15/no fracture/6-rotated1-rotated3-rotated2.jpg,no fracture,"(224, 224)",109.05365946053564,55.746950733418366,150528,59.13725832952711,150,False,142.35597651222653,0.18021214140853642,0.5450889635717407,0.9796920274490708,4.599219755469755
./pages/models/Bone Fracture/Production/2025-01-15/no fracture/6-rotated2-rotated1-rotated1.jpg,no fracture,"(224, 224)",135.78444872097094,60.84388950892857,150528,60.512772561392964,0,False,164.35724340411835,0.15311098191151354,0.5013606620609156,0.9774923768054917,5.453285875160874
./pages/models/Bone Fracture/Production/2025-01-15/no fracture/6-rotated2-rotated2-rotated1-rotated1.jpg,no fracture,"(224, 224)",79.3047883694294,57.28057238520408,150528,59.56887421556773,33,False,128.1519264800515,0.17181478890761023,0.5387548669446395,0.9819874394686086,4.404942889317889
./pages/models/Bone Fracture/Production/2025-01-15/no fracture/6-rotated2-rotated2-rotated2.jpg,no fracture,"(224, 224)",144.12719001396653,59.703045280612244,150528,60.26702039344419,0,False,172.98614462676966,0.15916249840956373,0.5167359095259302,0.9761630498140553,5.080055501930502
./pages/models/Bone Fracture/Production/2025-01-15/no fracture/6-rotated2-rotated3-rotated3.jpg,no fracture,"(224, 224)",82.09987523604411,53.933713329081634,150528,58.89070068460026,282,False,91.7684000965251,0.19322399300456944,0.5606040426415425,0.9868107782052903,3.961007882882883
./pages/models/Bone Fracture/Production/2025-01-15/no fracture/6-rotated3-rotated1-rotated1.jpg,no fracture,"(224, 224)",129.40217592516626,58.933713329081634,150528,59.21880124427884,54,False,154.5157255469755,0.15463499905470657,0.49665072258982595,0.9778730885648999,5.6438223938223935
./pages/models/Bone Fracture/Production/2025-01-15/no fracture/6-rotated3-rotated2-rotated1.jpg,no fracture,"(224, 224)",218.40984938016587,59.6887356505102,150528,60.11496855379801,0,False,206.06640122265122,0.1522534249682059,0.5025523404155707,0.9715353347985412,5.509773166023166
./pages/models/Bone Fracture/Production/2025-01-15/no fracture/6-rotated3-rotated2.jpg,no fracture,"(224, 224)",302.88274638347946,59.69447544642857,150528,60.396407925752506,33,False,209.8581885456885,0.15932569492225807,0.5178814511923565,0.9712601782875585,5.493243243243241
./pages/models/Bone Fracture/Production/2025-01-15/no fracture/6-rotated3.jpg,no fracture,"(224, 224)",296.5253677463493,55.644610969387756,150528,59.27876779690662,213,False,161.98302767052763,0.18219865334489124,0.5611199351135325,0.9770282289831209,4.558317245817245
./pages/models/Bone Fracture/Production/2025-01-15/no fracture/7-rotated1-rotated1-rotated2-rotated1.jpg,no fracture,"(224, 224)",48.84616678588244,40.727658641581634,150528,44.817072447532794,1002,False,70.313606016731,0.27166814879570733,0.6259921582373662,0.9825292383854275,3.116252413127412
./pages/models/Bone Fracture/Production/2025-01-15/no fracture/7-rotated1-rotated2.jpg,no fracture,"(224, 224)",112.96523417258749,41.154575892857146,150528,44.169928723323174,1305,False,105.01914414414415,0.2605204737342876,0.6083482590818883,0.9731389810853487,3.6856097168597164
./pages/models/Bone Fracture/Production/2025-01-15/no fracture/7-rotated2-rotated1-rotated1.jpg,no fracture,"(224, 224)",54.23528166464695,39.03603316326531,150528,44.49656854192864,1452,False,66.40102155727156,0.2752309352533009,0.677320259295011,0.9832749490041681,2.3392857142857144
./pages/models/Bone Fracture/Production/2025-01-15/no fracture/7-rotated2-rotated1-rotated3-rotated1.jpg,no fracture,"(224, 224)",39.99634520543808,39.035714285714285,150528,44.43911902530133,1272,False,59.3324083011583,0.2705183436124568,0.6767657865153138,0.9850160980303294,2.2516489703989704
./pages/models/Bone Fracture/Production/2025-01-15/no fracture/7-rotated2-rotated2-rotated1.jpg,no fracture,"(224, 224)",80.05063959143153,41.96599968112245,150528,43.98505777677547,1209,False,90.87795608108107,0.26043367213772595,0.610408756505668,0.9765613999296001,3.508626930501929
./pages/models/Bone Fracture/Production/2025-01-15/no fracture/7-rotated2-rotated2-rotated3.jpg,no fracture,"(224, 224)",54.96543946200636,38.75649713010204,150528,44.561117329498956,1311,False,66.86154681467183,0.2735382921984412,0.6886487140002057,0.983206919688022,2.221866956241956
./pages/models/Bone Fracture/Production/2025-01-15/no fracture/7-rotated2-rotated3-rotated2.jpg,no fracture,"(224, 224)",64.94151931144654,37.88948899872449,150528,44.94051132203771,1335,False,79.82776303088802,0.2822635010063875,0.6728468302201202,0.980307670874377,2.546754343629343
./pages/models/Bone Fracture/Production/2025-01-15/no fracture/7-rotated2-rotated3-rotated3.jpg,no fracture,"(224, 224)",63.62592477889818,37.922532684948976,150528,44.913478393298064,1392,False,77.8245053088803,0.2810379957420874,0.6834110353348728,0.9807764562497632,2.4193412162162162
./pages/models/Bone Fracture/Production/2025-01-15/no fracture/7-rotated2-rotated3.jpg,no fracture,"(224, 224)",133.96601239426437,40.86517458545919,150528,44.655180644175786,1197,False,112.19737371299868,0.26382333204211905,0.6193278227554867,0.9719793944542031,3.941059362934362
./pages/models/Bone Fracture/Production/2025-01-15/no fracture/7-rotated3-rotated1-rotated1-rotated1.jpg,no fracture,"(224, 224)",66.23300675499793,38.536352040816325,150528,44.80348461909879,1374,False,80.33890363577864,0.2612240607979552,0.6024091812911623,0.9800518394783352,3.8674187580437573
./pages/models/Bone Fracture/Production/2025-01-15/no fracture/7-rotated3-rotated1-rotated1.jpg,no fracture,"(224, 224)",174.5220966168316,43.077806122448976,150528,45.88865414781878,1191,False,134.63545688545693,0.26501655189373113,0.6127018469367621,0.9681096200751552,3.9179134491634495
./pages/models/Bone Fracture/Production/2025-01-15/no fracture/7-rotated3-rotated2-rotated1.jpg,no fracture,"(224, 224)",158.64300717239033,43.13277264030612,150528,45.812259746815144,1176,False,147.94017454954957,0.25730328081950377,0.5884614461476828,0.964835819003944,4.280867921492922
./pages/models/Bone Fracture/Production/2025-01-15/no fracture/7-rotated3-rotated2-rotated3.jpg,no fracture,"(224, 224)",70.16898507329137,39.931521045918366,150528,44.74310501245758,1137,False,83.80530083655083,0.2574831250115259,0.6031956388877087,0.9791289460611452,3.6334459459459456
./pages/models/Bone Fracture/Production/2025-01-15/no fracture/7-rotated3-rotated3-rotated2-rotated1.jpg,no fracture,"(224, 224)",48.612741265779526,38.046217315051024,150528,44.77446712369746,1275,False,71.53700128700132,0.2653103834409358,0.6054379602923396,0.9822190509234326,3.7064430501930508
./pages/models/Bone Fracture/Production/2025-01-15/no fracture/7-rotated3-rotated3.jpg,no fracture,"(224, 224)",158.7257739475795,43.13544323979592,150528,45.79431548250772,1155,False,148.00858671171167,0.25521776988588796,0.5881141959917645,0.964791438364259,4.282436454311453
./pages/models/Bone Fracture/Production/2025-01-15/no fracture/7-rotated3.jpg,no fracture,"(224, 224)",202.49999153331038,40.5192721619898,150528,44.96056311266298,1185,False,124.59660553410552,0.2689496032589623,0.618539186457352,0.9693083032014828,4.21110842985843
./pages/models/Bone Fracture/Production/2025-01-15/no fracture/8-rotated1-rotated1-rotated1.jpg,no fracture,"(224, 224)",165.51793952784598,60.392797353316325,150528,42.05689234616644,174,False,147.17000482625483,0.1541921692372486,0.5075088266138728,0.9582718291071455,4.772562741312742
./pages/models/Bone Fracture/Production/2025-01-15/no fracture/8-rotated1-rotated1-rotated3.jpg,no fracture,"(224, 224)",164.3767341238814,59.504324776785715,150528,41.68551953249791,225,False,108.87612612612612,0.15806987947133755,0.557633569704174,0.9685394815845643,3.636985199485199
./pages/models/Bone Fracture/Production/2025-01-15/no fracture/8-rotated1-rotated2-rotated2-rotated1.jpg,no fracture,"(224, 224)",121.78135771356196,57.87627551020408,150528,43.52655858877724,114,False,143.60686132561128,0.17585781229271785,0.49699324576785925,0.9619983556164377,5.063304375804375
./pages/models/Bone Fracture/Production/2025-01-15/no fracture/8-rotated1-rotated2-rotated2.jpg,no fracture,"(224, 224)",182.7818389917999,58.53081154336735,150528,43.303056045661414,171,False,167.50826496138993,0.16902644243057027,0.5022136031634193,0.9552395925190621,5.154058075933075
./pages/models/Bone Fracture/Production/2025-01-15/no fracture/8-rotated1-rotated2-rotated3-rotated1.jpg,no fracture,"(224, 224)",116.3764414340444,59.37631536989796,150528,41.98820804012658,126,False,85.43092422779922,0.16564971868206,0.5715048944713889,0.9756488366700458,3.265785875160875
./pages/models/Bone Fracture/Production/2025-01-15/no fracture/8-rotated1-rotated3-rotated1.jpg,no fracture,"(224, 224)",187.79673477770243,59.15497448979592,150528,43.102100110411335,177,False,162.76757561132564,0.1556034944828112,0.487887487709023,0.9559806677151343,5.206925675675676
./pages/models/Bone Fracture/Production/2025-01-15/no fracture/8-rotated1-rotated3-rotated2-rotated1.jpg,no fracture,"(224, 224)",126.72570520517775,59.46673708545919,150528,42.278184017689526,126,False,116.39967422779921,0.15618529361668823,0.526684864417452,0.9672250629663713,4.122365669240669
./pages/models/Bone Fracture/Production/2025-01-15/no fracture/8-rotated1-rotated3-rotated3-rotated1.jpg,no fracture,"(224, 224)",128.67030331255344,57.79976482780612,150528,43.52795264855735,96,False,132.71872989060483,0.16779324588018207,0.5054003129117202,0.9648127421506253,4.686836389961388
./pages/models/Bone Fracture/Production/2025-01-15/no fracture/8-rotated2-rotated1-rotated2-rotated1.jpg,no fracture,"(224, 224)",111.87307156448017,62.80225605867347,150528,39.30162826636118,141,False,105.01632882882882,0.14155410741855995,0.531379457945726,0.9658468596969977,3.8485360360360357
./pages/models/Bone Fracture/Production/2025-01-15/no fracture/8-rotated2-rotated2-rotated1-rotated1.jpg,no fracture,"(224, 224)",137.67288697197858,61.640844228316325,150528,40.27797837984965,150,False,114.15916586229088,0.13848292709808716,0.5307188560273776,0.964500651805796,3.909527831402831
./pages/models/Bone Fracture/Production/2025-01-15/no fracture/8-rotated2-rotated2-rotated1.jpg,no fracture,"(224, 224)",170.09224658308298,57.01000478316327,150528,43.70501399288873,138,False,156.46639720077218,0.1799137401773635,0.5142871799212357,0.9589493949988811,4.902891731016731
./pages/models/Bone Fracture/Production/2025-01-15/no fracture/8-rotated3-rotated1-rotated1-rotated1.jpg,no fracture,"(224, 224)",164.32585111472665,57.57095025510204,150528,43.261729006244884,171,False,142.82066441441444,0.1725740316333808,0.5230546995284968,0.961754813210035,4.559041184041185
./pages/models/Bone Fracture/Production/2025-01-15/no fracture/8-rotated3-rotated1-rotated3-rotated1.jpg,no fracture,"(224, 224)",158.74190326731986,56.798170440051024,150528,44.01516107363075,165,False,167.63451174388678,0.17510161999373017,0.4935666153835404,0.9565826536765123,5.39231418918919
./pages/models/Bone Fracture/Production/2025-01-15/no fracture/8-rotated3-rotated2-rotated2-rotated1.jpg,no fracture,"(224, 224)",121.25485598688475,57.822345344387756,150528,42.807550451825485,114,False,94.97615025740026,0.1594349787232054,0.5400291026826141,0.973934764708704,3.7288449163449173
./pages/models/Bone Fracture/Production/2025-01-15/no fracture/8-rotated3-rotated2-rotated2.jpg,no fracture,"(224, 224)",153.16218559228594,57.84594228316327,150528,42.96790864989118,162,False,108.06835183397686,0.16303521963408565,0.5453827804204207,0.9705486341043226,3.8337556306306317
./pages/models/Bone Fracture/Production/2025-01-15/no fracture/8-rotated3-rotated2-rotated3-rotated1.jpg,no fracture,"(224, 224)",118.25163473640067,57.83139349489796,150528,42.887284691814465,117,False,114.29233027670529,0.16743078986728058,0.5309329331625058,0.968847517404992,4.103865025740026
./pages/models/Bone Fracture/Production/2025-01-15/no fracture/8-rotated3-rotated3-rotated2.jpg,no fracture,"(224, 224)",155.32450140302058,57.77012914540816,150528,42.9717706891765,165,False,105.77841457528956,0.1620319842447376,0.557977664161989,0.9712023028949051,3.606439028314027
./pages/models/Bone Fracture/Production/2025-01-15/no fracture/9-rotated1-rotated1-rotated1-rotated1.jpg,no fracture,"(224, 224)",87.43436266967825,35.850705516581634,150528,47.13260394685994,4101,True,136.1477035070785,0.3122604980443765,0.6228225512521277,0.969488192900671,3.8607826576576567
./pages/models/Bone Fracture/Production/2025-01-15/no fracture/9-rotated1-rotated1-rotated1.jpg,no fracture,"(224, 224)",94.04282494774961,33.42241310586735,150528,45.46196100743132,4785,True,103.5301842020592,0.34102505141604256,0.6858903331402582,0.9750643868491611,2.8939229407979408
./pages/models/Bone Fracture/Production/2025-01-15/no fracture/9-rotated1-rotated1-rotated2-rotated1.jpg,no fracture,"(224, 224)",49.041737595383005,33.634845344387756,150528,45.88200209405772,4611,True,60.070242117117125,0.33431806047394586,0.692335905755664,0.9857117657393193,2.44548342985843
./pages/models/Bone Fracture/Production/2025-01-15/no fracture/9-rotated1-rotated3-rotated1.jpg,no fracture,"(224, 224)",85.75300735694475,34.6416015625,150528,46.03767189764433,4605,True,130.24593790218788,0.3409166327213317,0.6518808271709027,0.9694348247699921,3.708695302445303
./pages/models/Bone Fracture/Production/2025-01-15/no fracture/9-rotated1-rotated3.jpg,no fracture,"(224, 224)",129.62751685455908,34.87657445790816,150528,46.07360715745056,4545,True,129.03826817889316,0.34124024164142996,0.6711055184864033,0.9697280234370583,3.3758647039897043
./pages/models/Bone Fracture/Production/2025-01-15/no fracture/9-rotated2-rotated2-rotated2-rotated1.jpg,no fracture,"(224, 224)",65.25673140708926,33.79498166454081,150528,46.31628161639399,4527,True,109.48998552123551,0.3046921918574425,0.6162503171677363,0.974597878585661,3.883164414414414
./pages/models/Bone Fracture/Production/2025-01-15/no fracture/9-rotated2-rotated2.jpg,no fracture,"(224, 224)",170.25917359184896,35.472237723214285,150528,46.59191932183865,4536,True,104.30520028957528,0.34167121028222425,0.6787112264236211,0.9759196873043854,3.1810448841698844
./pages/models/Bone Fracture/Production/2025-01-15/no fracture/9-rotated3-rotated3-rotated1.jpg,no fracture,"(224, 224)",128.32160140017282,37.04408482142857,150528,48.14078277931353,4041,True,154.49207689832687,0.3077496681592392,0.6136470544238694,0.9668103317316236,4.209539897039897
